Tanggal,KodeLokasi,SuhuMin,SuhuMax,Hujan,Penguapan,SinarMatahari,ArahAnginTerkencang,Kecepatan,ArahAngin9am,ArahAngin3pm,KecapatanAngin9am,KecepatanAngin3pm,Kelembaban9am,Kelembaban3pm,Tekanan9am,Tekanan3pm,Awan9am,Awan3pm,Suhu9am,Suhu3pm,BersaljuHariIni,BersaljuBesok
C4,10.4,15.5,4.8,nan,nan,WSW,24.0,W,W,0.0,13.0,78.0,76.0,1020.1,1018.5,nan,nan,13.1,15.0,No,No
C10,9.0,17.0,8.0,2.6,7.4,WNW,nan,W,NW,13.0,20.0,80.0,61.0,1015.2,1014.6,7.0,5.0,11.9,15.5,No,Yes
C46,18.2,32.0,0.0,nan,nan,SSW,44.0,NE,N,15.0,26.0,62.0,42.0,nan,nan,nan,nan,23.8,29.6,No,No
C36,7.3,24.5,0.0,8.4,10.4,SW,54.0,E,SSE,13.0,19.0,25.0,17.0,1019.2,1016.9,1.0,7.0,15.3,23.2,No,No
C7,5.9,20.3,0.0,3.6,12.6,NW,37.0,W,WNW,22.0,19.0,55.0,48.0,1019.7,1014.7,2.0,6.0,12.4,18.1,Yes,No
C12,14.4,21.8,0.0,3.2,4.4,WNW,39.0,S,NW,19.0,20.0,63.0,52.0,1016.1,1012.5,7.0,7.0,16.7,21.1,No,No
C36,7.7,18.7,0.2,5.6,9.7,SE,46.0,WSW,SW,19.0,28.0,69.0,31.0,1011.3,1008.8,1.0,1.0,11.3,18.3,Yes,Yes
C44,12.0,19.0,4.6,nan,nan,SE,35.0,SW,SE,9.0,17.0,89.0,73.0,1023.6,1022.9,nan,nan,14.0,16.8,No,No
C8,18.4,35.3,0.0,10.0,12.5,E,33.0,E,ESE,11.0,13.0,44.0,18.0,1017.9,1013.4,0.0,0.0,23.7,21.0,No,No
C31,13.7,29.1,0.0,9.0,8.5,NW,41.0,ENE,ESE,7.0,26.0,41.0,36.0,1016.5,1013.2,0.0,1.0,23.7,28.3,No,No
C15,-0.3,10.5,0.0,nan,nan,W,26.0,W,W,0.0,9.0,69.0,63.0,1018.0,1015.5,nan,8.0,4.7,9.3,No,No
C1,-2.6,11.1,0.2,1.4,6.5,SE,20.0,SSE,SSE,2.0,7.0,87.0,54.0,1027.1,1022.7,1.0,7.0,0.8,9.9,No,Yes
C21,12.3,17.0,0.0,nan,nan,SSW,nan,SSW,SSW,0.0,0.0,76.0,80.0,nan,nan,8.0,7.0,14.2,14.9,Yes,No
C14,-1.7,-0.3,4.8,nan,nan,SSW,67.0,E,S,9.0,28.0,96.0,52.0,nan,nan,nan,nan,-0.4,-3.0,Yes,No
C33,6.5,17.0,0.0,nan,nan,S,39.0,E,SSE,13.0,20.0,65.0,66.0,1021.3,1021.0,nan,nan,13.7,16.1,No,No
C25,9.3,19.3,0.0,1.0,7.0,NW,39.0,NE,WNW,17.0,9.0,82.0,46.0,1018.7,1015.0,5.0,5.0,12.4,18.4,No,No
C33,10.7,24.1,0.2,nan,nan,SSW,43.0,SSW,ESE,13.0,13.0,73.0,42.0,1027.0,1025.2,nan,nan,17.2,23.6,No,No
C31,13.0,20.8,0.2,2.0,6.0,NW,33.0,WNW,WNW,9.0,15.0,84.0,53.0,1023.3,1021.5,3.0,5.0,15.5,20.3,No,No
C10,11.0,22.8,0.0,3.8,8.5,NNE,nan,NE,NNE,4.0,19.0,68.0,63.0,1019.1,1017.8,1.0,0.0,18.4,20.1,No,No
C24,12.5,21.1,2.0,4.4,9.7,NW,50.0,NE,W,26.0,24.0,65.0,29.0,1015.5,1015.7,5.0,4.0,13.9,19.5,No,No
C41,9.4,25.2,nan,nan,nan,NE,37.0,ESE,ENE,11.0,26.0,83.0,39.0,1019.5,1014.2,nan,nan,13.7,24.8,No,No
C36,16.9,34.7,0.0,11.4,12.5,SE,35.0,E,SSE,19.0,6.0,39.0,12.0,1014.5,1011.3,0.0,0.0,22.2,32.6,Yes,No
C13,19.5,22.8,0.0,nan,nan,ENE,35.0,W,S,19.0,7.0,67.0,25.0,1018.0,1016.4,2.0,nan,21.4,33.3,Yes,No
C5,10.9,17.9,0.8,3.8,4.5,SW,39.0,SW,WSW,11.0,15.0,61.0,59.0,1018.3,1019.5,6.0,7.0,14.3,15.3,No,No
C18,11.7,17.6,6.2,2.2,5.7,SE,39.0,SW,S,19.0,22.0,95.0,82.0,1010.5,1010.5,8.0,6.0,12.3,14.7,Yes,No
C35,4.1,14.7,2.0,2.6,7.6,WSW,67.0,SW,SW,9.0,33.0,61.0,47.0,1012.3,1006.4,1.0,3.0,8.8,13.9,Yes,No
C4,8.7,22.3,0.0,nan,12.1,S,39.0,E,WNW,9.0,20.0,49.0,38.0,1013.1,1007.8,nan,nan,14.8,20.9,No,No
C46,-1.8,17.7,0.2,nan,nan,SE,15.0,S,SE,7.0,6.0,92.0,39.0,nan,nan,nan,nan,10.5,17.1,No,No
C4,7.5,15.2,7.4,2.2,nan,NNE,39.0,NW,NE,26.0,26.0,57.0,58.0,1016.7,1020.2,nan,nan,12.1,14.5,No,Yes
C5,16.9,25.5,0.0,6.4,10.1,NNW,35.0,NNW,NE,13.0,19.0,71.0,57.0,1017.8,1014.5,7.0,1.0,18.1,23.1,No,Yes
C1,5.5,18.2,0.2,nan,nan,SE,48.0,SSW,SE,13.0,13.0,65.0,51.0,1015.3,1012.4,nan,nan,12.9,16.3,No,No
C43,13.8,22.8,0.0,4.4,1.9,NNW,46.0,SE,N,6.0,17.0,47.0,27.0,1010.1,1009.8,nan,nan,22.7,32.1,Yes,No
C15,9.3,19.8,0.0,nan,nan,WSW,46.0,SSE,SSW,17.0,24.0,70.0,40.0,1008.2,1008.0,6.0,4.0,11.8,17.4,No,No
C15,5.5,8.7,2.4,nan,nan,NW,54.0,WNW,WNW,13.0,19.0,69.0,86.0,995.3,993.0,8.0,8.0,6.5,8.1,Yes,Yes
C8,8.0,17.6,3.0,1.8,8.2,SSE,33.0,S,S,0.0,20.0,75.0,57.0,1022.0,1018.8,4.0,3.0,11.4,17.3,No,No
C47,21.0,22.8,0.0,9.8,nan,ESE,39.0,SE,SE,9.0,24.0,61.0,25.0,1014.5,1008.6,0.0,1.0,16.7,21.0,No,No
C11,11.2,25.3,0.8,nan,nan,SE,41.0,SSE,SSE,30.0,17.0,35.0,25.0,1016.3,1011.7,nan,nan,16.6,25.1,Yes,Yes
C42,17.1,31.4,0.0,8.4,nan,SE,39.0,E,E,11.0,22.0,62.0,59.0,1011.5,1010.0,1.0,4.0,22.9,29.0,No,No
C13,-0.4,12.5,5.2,2.0,nan,S,33.0,SSE,SW,15.0,13.0,69.0,74.0,1017.8,1015.9,4.0,7.0,6.0,12.0,No,No
C35,13.7,35.6,0.2,4.8,12.6,SE,37.0,SSE,W,9.0,9.0,82.0,24.0,1019.1,1016.1,0.0,1.0,21.2,21.0,Yes,Yes
C8,10.8,19.7,9.0,0.8,3.6,SE,35.0,NNW,WSW,7.0,13.0,69.0,73.0,1021.0,1017.7,6.0,7.0,15.1,18.1,No,Yes
C23,1.8,16.0,0.0,nan,nan,WNW,30.0,WNW,SSW,7.0,17.0,87.0,42.0,1025.6,1021.7,nan,nan,7.7,15.2,No,Yes
C40,20.8,28.8,6.4,7.0,7.7,NE,37.0,ENE,NNE,20.0,24.0,82.0,57.0,1017.6,1016.3,5.0,2.0,22.5,27.2,No,No
C20,9.1,24.6,0.0,nan,nan,ESE,24.0,ESE,N,7.0,6.0,63.0,37.0,1019.3,1016.9,nan,nan,16.8,24.1,No,No
C42,11.3,20.1,0.0,11.4,nan,NE,44.0,ESE,ESE,24.0,19.0,31.0,13.0,1022.7,1020.5,1.0,0.0,14.2,20.0,No,No
C24,13.7,32.1,0.0,7.6,10.3,SSW,26.0,NNW,SSW,13.0,11.0,36.0,21.0,1021.7,1019.1,2.0,6.0,23.3,30.3,No,Yes
C24,8.1,28.8,0.0,6.6,10.9,ENE,20.0,SSE,ESE,7.0,7.0,49.0,21.0,1024.2,1021.1,1.0,1.0,13.7,28.0,Yes,No
C12,21.9,29.3,2.4,3.0,8.3,N,35.0,N,NW,13.0,28.0,71.0,75.0,1018.1,1014.9,6.0,5.0,25.6,27.6,No,No
C27,7.3,20.9,0.0,nan,nan,SSE,nan,SSE,SSW,nan,nan,36.0,37.0,nan,nan,nan,nan,18.6,19.9,Yes,No
C31,15.1,22.8,0.0,11.6,8.5,NNE,48.0,SSW,E,13.0,33.0,28.0,19.0,1012.4,1006.7,0.0,1.0,16.7,21.0,No,No
C18,7.3,15.2,0.0,2.2,9.6,NNE,48.0,W,NE,17.0,26.0,66.0,52.0,1012.9,1013.3,5.0,4.0,12.4,13.9,No,No
C2,13.9,16.9,0.0,3.0,0.1,SSE,nan,SW,SSE,15.0,6.0,88.0,86.0,1020.4,1018.4,7.0,8.0,15.3,16.3,No,No
C31,13.2,22.2,5.0,3.4,6.8,SE,54.0,ESE,SE,11.0,31.0,90.0,58.0,1015.4,1013.7,7.0,6.0,16.1,21.4,Yes,Yes
C41,14.0,20.8,0.8,nan,nan,WSW,48.0,W,W,2.0,31.0,96.0,75.0,1021.4,1018.6,8.0,8.0,16.2,17.5,No,No
C31,2.7,16.0,0.0,1.2,5.4,NNW,35.0,ESE,NNE,11.0,11.0,83.0,46.0,1018.0,1015.5,4.0,5.0,9.1,14.9,No,Yes
C11,5.0,21.0,0.0,7.4,10.8,E,48.0,E,W,15.0,20.0,48.0,23.0,1027.2,1023.8,0.0,0.0,13.0,20.5,No,No
C47,13.1,29.9,0.0,4.0,nan,SW,46.0,NE,SW,20.0,19.0,34.0,nan,1018.1,1014.8,0.0,nan,22.0,nan,No,No
C35,6.5,14.3,0.8,nan,nan,SE,20.0,S,ESE,7.0,6.0,95.0,52.0,1018.9,1016.5,8.0,8.0,11.5,14.1,No,No
C47,12.0,22.8,0.0,8.0,nan,NNW,31.0,N,NNE,15.0,4.0,54.0,nan,1011.7,1006.0,2.0,nan,16.7,nan,No,No
C34,6.5,14.9,6.4,2.4,3.8,SSW,52.0,ENE,SW,13.0,19.0,72.0,64.0,1019.1,1016.7,7.0,7.0,10.4,13.5,No,No
C47,nan,34.5,nan,nan,nan,SW,43.0,N,WSW,11.0,20.0,nan,nan,1005.5,1001.5,nan,nan,nan,nan,No,No
C17,-1.2,10.3,0.0,nan,nan,SW,41.0,WSW,SSW,0.0,11.0,97.0,52.0,1022.0,1018.6,nan,nan,1.6,8.9,No,No
C19,18.0,23.1,1.2,nan,nan,ESE,24.0,ESE,ESE,13.0,11.0,85.0,71.0,1021.9,1019.0,nan,7.0,19.8,22.5,Yes,Yes
C17,10.6,21.2,0.0,nan,nan,NW,48.0,E,W,26.0,9.0,66.0,67.0,nan,nan,6.0,8.0,17.6,18.4,No,No
C19,19.2,24.2,0.0,nan,nan,NNE,41.0,E,NE,7.0,6.0,85.0,88.0,1012.3,1010.3,8.0,8.0,20.7,21.1,Yes,No
C13,14.8,22.3,0.0,nan,nan,ESE,54.0,SE,SE,24.0,24.0,66.0,31.0,1008.2,1008.5,8.0,2.0,14.8,20.4,No,No
C8,16.9,29.6,0.0,5.8,11.0,NNE,48.0,SW,NE,11.0,11.0,61.0,46.0,1020.7,1016.5,1.0,1.0,22.1,28.4,No,No
C33,11.7,19.0,1.8,nan,nan,E,41.0,SW,ESE,15.0,26.0,93.0,61.0,1020.4,1017.2,nan,nan,13.6,18.1,No,No
C14,nan,7.2,nan,nan,nan,NNW,26.0,E,NNW,nan,13.0,nan,40.0,nan,nan,nan,nan,nan,6.0,No,No
C12,17.2,28.5,0.0,10.0,10.8,N,43.0,N,NNE,15.0,33.0,54.0,55.0,1024.4,1021.1,1.0,2.0,26.0,27.0,No,No
C18,8.9,25.4,0.0,5.4,9.9,NNE,43.0,NE,NNE,22.0,17.0,37.0,33.0,1023.3,1019.0,1.0,6.0,18.1,24.0,No,No
C10,17.0,18.2,0.0,5.0,6.2,WSW,nan,NNW,W,13.0,19.0,81.0,52.0,1006.5,1010.8,7.0,5.0,18.0,17.0,No,No
C45,14.5,23.7,0.2,nan,nan,NW,33.0,NNW,NW,9.0,22.0,81.0,49.0,1019.5,1015.3,nan,nan,18.6,22.7,No,No
C18,10.5,19.8,0.0,nan,nan,ESE,54.0,SE,ESE,11.0,15.0,89.0,84.0,1012.0,1009.6,6.0,8.0,15.4,19.4,No,No
C28,3.4,16.9,0.0,2.4,10.2,SE,37.0,ESE,SE,19.0,17.0,70.0,45.0,1019.6,1017.0,1.0,1.0,10.2,16.8,No,No
C4,9.7,17.1,1.8,2.8,1.3,ESE,39.0,E,NE,24.0,30.0,77.0,59.0,1011.0,1005.0,nan,nan,13.2,16.6,No,No
C29,5.6,14.6,0.0,3.0,9.1,SW,54.0,ENE,SW,22.0,26.0,70.0,61.0,1016.9,1015.2,4.0,7.0,11.2,14.2,Yes,No
C18,10.0,19.9,0.2,3.0,5.0,SSE,43.0,SSW,S,7.0,30.0,89.0,52.0,1021.9,1021.6,7.0,7.0,13.1,18.8,No,No
C19,12.9,17.0,0.0,nan,nan,S,43.0,NW,SSE,13.0,6.0,56.0,58.0,1021.4,1017.0,7.0,8.0,14.3,15.9,No,No
C39,4.9,24.1,0.0,nan,8.0,WSW,43.0,WSW,WSW,20.0,31.0,53.0,65.0,1011.7,1009.2,3.0,8.0,18.4,19.3,Yes,Yes
C43,11.8,18.5,0.4,4.4,6.9,SE,37.0,SE,SE,9.0,24.0,79.0,59.0,1020.9,1022.1,nan,nan,15.2,17.0,No,No
C35,9.2,19.5,0.0,3.4,9.7,WNW,30.0,NW,WNW,20.0,11.0,75.0,48.0,1024.4,1022.7,8.0,5.0,13.0,19.1,Yes,Yes
C10,11.6,20.8,0.0,4.2,10.6,SE,nan,SSE,E,2.0,13.0,66.0,58.0,1015.8,1013.3,2.0,3.0,18.0,20.0,No,Yes
C40,11.1,21.0,0.2,2.4,1.1,E,50.0,WNW,ENE,24.0,20.0,58.0,52.0,1019.2,1013.1,7.0,7.0,15.6,19.2,No,No
C4,9.7,18.6,0.0,1.6,8.9,WNW,28.0,NW,W,11.0,15.0,57.0,38.0,1026.3,1022.5,nan,nan,14.0,17.8,No,Yes
C23,10.4,23.1,5.4,nan,nan,WNW,46.0,NW,WNW,19.0,15.0,52.0,36.0,1016.2,1015.4,nan,nan,12.9,21.9,No,No
C22,14.3,26.5,0.0,nan,nan,SSW,24.0,W,S,4.0,6.0,69.0,51.0,nan,nan,nan,nan,20.5,25.5,No,No
C19,18.8,23.2,1.6,nan,nan,E,33.0,E,W,7.0,15.0,91.0,52.0,1019.6,1017.6,7.0,8.0,20.0,21.0,No,No
C41,14.8,20.9,nan,nan,nan,S,50.0,SSW,SSW,11.0,9.0,94.0,52.0,1026.3,1022.6,8.0,8.0,16.4,18.6,No,No
C16,10.6,23.1,0.0,nan,nan,SE,39.0,SE,W,13.0,28.0,46.0,57.0,1019.8,1016.2,nan,nan,18.3,22.0,No,No
C2,9.0,20.3,0.0,4.2,10.8,NNW,30.0,NE,SW,13.0,15.0,60.0,31.0,1022.7,1017.9,1.0,2.0,13.0,20.1,No,No
C31,21.7,28.6,0.0,8.0,11.4,SE,37.0,SE,SE,11.0,19.0,61.0,44.0,1013.2,1011.3,4.0,2.0,24.9,28.0,No,No
C16,18.7,26.6,0.0,nan,nan,W,48.0,W,W,13.0,31.0,81.0,68.0,1017.3,1015.0,nan,nan,21.8,23.3,No,No
C11,19.1,34.7,0.0,9.2,11.8,E,44.0,E,E,7.0,13.0,46.0,24.0,1008.4,1004.6,1.0,5.0,16.7,21.0,No,No
C15,9.4,24.7,0.0,nan,nan,ENE,50.0,SSW,NE,24.0,31.0,68.0,47.0,1017.1,1014.3,2.0,nan,17.1,23.2,No,No
C43,11.7,13.3,0.6,0.2,0.0,WSW,15.0,SSW,E,0.0,6.0,69.0,52.0,1020.0,1018.8,nan,nan,11.9,12.8,No,Yes
C11,12.8,32.0,0.0,nan,nan,NNW,39.0,NNW,NNW,13.0,15.0,25.0,10.0,1015.3,1011.2,nan,nan,24.6,30.7,No,No
C2,12.0,24.3,0.0,7.2,4.3,SE,41.0,S,S,20.0,24.0,70.0,59.0,1019.0,1019.1,nan,nan,23.1,24.1,No,No
C1,17.3,26.0,0.0,4.4,6.7,WSW,41.0,W,W,17.0,11.0,74.0,50.0,1011.9,1009.1,8.0,7.0,18.1,24.7,No,No
C32,14.2,31.6,0.0,10.0,8.5,NNE,35.0,E,ESE,15.0,17.0,29.0,10.0,1019.2,1015.7,3.0,3.0,21.1,30.1,No,No
C19,15.2,20.1,0.4,nan,nan,SE,35.0,W,S,19.0,9.0,90.0,79.0,1018.0,1015.7,8.0,4.0,16.0,18.5,No,No
C16,11.0,22.4,0.2,nan,nan,WSW,20.0,E,SW,11.0,17.0,53.0,47.0,1015.2,1011.6,nan,nan,18.0,20.3,No,No
C12,17.2,29.6,0.0,6.8,10.0,SE,35.0,E,SE,6.0,20.0,68.0,51.0,1016.4,1012.3,3.0,1.0,26.0,28.2,No,No
C37,16.9,31.3,0.0,9.2,8.5,NE,33.0,NE,ENE,17.0,9.0,58.0,34.0,1016.5,1012.6,1.0,4.0,22.4,29.0,No,Yes
C18,6.4,14.1,0.0,1.8,7.0,NNE,35.0,NE,SE,11.0,13.0,82.0,61.0,1022.2,1024.3,1.0,3.0,10.1,12.2,No,No
C48,7.0,26.1,0.0,nan,nan,NNE,48.0,ENE,WNW,24.0,20.0,56.0,17.0,1023.4,1020.5,nan,nan,13.9,23.8,No,No
C17,11.1,27.7,0.2,5.2,nan,N,48.0,N,NNW,7.0,11.0,63.0,24.0,1009.2,1008.6,nan,nan,19.3,26.4,No,No
C12,22.1,28.2,0.0,4.4,7.9,E,31.0,ESE,ENE,13.0,22.0,81.0,74.0,1018.0,1015.5,7.0,3.0,25.2,26.4,Yes,No
C25,18.1,25.4,0.0,9.8,10.8,SSW,48.0,NE,S,13.0,20.0,58.0,48.0,1019.5,1016.7,3.0,3.0,20.9,23.8,No,No
C31,16.6,29.0,0.0,7.2,8.5,SSE,43.0,SE,SSE,22.0,30.0,57.0,51.0,1011.5,1009.2,4.0,1.0,23.0,27.2,No,No
C32,10.2,16.1,1.4,0.4,0.5,S,28.0,S,S,7.0,13.0,96.0,75.0,1015.0,1014.3,8.0,7.0,12.7,15.2,No,Yes
C17,13.1,22.6,0.0,nan,nan,W,52.0,NW,SSW,24.0,20.0,69.0,41.0,1008.1,1007.3,nan,nan,17.6,21.8,No,No
C28,7.1,16.5,0.0,0.6,3.8,S,31.0,S,S,9.0,11.0,82.0,70.0,1013.6,1011.0,8.0,8.0,12.7,15.7,Yes,No
C21,16.6,21.8,0.0,nan,nan,WSW,nan,S,SW,0.0,9.0,80.0,75.0,nan,nan,8.0,8.0,19.0,21.0,No,No
C37,5.7,20.1,0.0,3.0,nan,WNW,33.0,E,NW,24.0,17.0,67.0,40.0,1027.7,1024.3,1.0,4.0,12.5,19.3,No,Yes
C6,12.0,32.7,8.4,5.8,10.8,NE,33.0,NNE,NE,7.0,22.0,76.0,59.0,1011.6,1007.2,5.0,4.0,16.7,31.9,No,No
C25,11.8,18.8,0.0,4.4,0.0,NNE,63.0,W,ENE,13.0,13.0,83.0,52.0,1020.9,1018.7,8.0,8.0,16.0,13.2,Yes,No
C8,12.2,19.8,0.0,2.8,8.8,SSE,31.0,S,S,9.0,19.0,56.0,67.0,1021.7,1021.2,1.0,7.0,16.7,16.9,No,No
C21,nan,20.2,4.0,nan,nan,SW,nan,SSW,SSW,0.0,6.0,87.0,66.0,nan,nan,6.0,4.0,16.4,18.6,No,No
C27,21.7,27.6,0.0,nan,nan,NNE,nan,SSE,NNE,nan,nan,74.0,86.0,nan,nan,nan,nan,26.5,24.3,Yes,No
C16,21.8,27.6,8.2,nan,nan,S,44.0,S,SSE,22.0,30.0,69.0,68.0,1020.1,1018.5,nan,nan,23.5,27.2,Yes,No
C21,10.6,27.2,0.0,nan,nan,WSW,nan,SW,ESE,0.0,9.0,77.0,55.0,nan,nan,8.0,3.0,18.4,24.5,No,No
C4,14.7,22.8,8.0,3.2,nan,NE,31.0,ENE,NNE,17.0,15.0,64.0,46.0,1011.9,1011.6,nan,nan,17.7,21.0,No,No
C25,9.4,21.3,0.0,4.6,10.0,N,31.0,E,N,19.0,13.0,62.0,36.0,1019.5,1015.4,1.0,5.0,14.6,20.5,No,No
C1,5.8,29.6,0.0,nan,nan,N,50.0,NNE,NNE,6.0,26.0,78.0,13.0,1016.5,1012.8,nan,nan,12.7,28.8,No,No
C10,10.6,19.3,0.0,2.6,11.1,SE,nan,E,SE,4.0,19.0,71.0,75.0,1021.8,1020.5,1.0,1.0,16.5,17.5,No,No
C33,11.4,20.9,0.2,nan,nan,SW,35.0,W,WSW,4.0,17.0,50.0,44.0,1015.7,1013.3,nan,nan,16.2,19.3,No,No
C26,7.6,22.5,0.0,11.6,nan,SW,17.0,WNW,SSW,0.0,4.0,74.0,42.0,1021.6,1018.6,nan,nan,13.9,21.9,Yes,Yes
C40,1.0,22.4,0.0,4.0,8.8,ESE,41.0,SSE,NE,9.0,15.0,70.0,28.0,1014.8,1008.6,1.0,4.0,12.6,21.1,No,No
C39,12.1,23.1,0.0,nan,12.4,NNW,57.0,NE,N,22.0,17.0,61.0,35.0,1019.5,1017.2,1.0,1.0,17.8,22.7,No,No
C32,19.6,22.8,0.0,4.4,13.0,SSE,37.0,SSE,ENE,20.0,9.0,17.0,10.0,1011.1,1008.2,0.0,5.0,16.7,21.0,No,No
C9,17.0,28.0,0.0,4.4,nan,SE,35.0,N,NE,17.0,22.0,70.0,58.0,1014.0,1010.5,nan,nan,24.0,27.3,Yes,No
C29,9.3,15.0,6.2,1.0,4.8,NNE,57.0,NNE,NNE,15.0,24.0,69.0,88.0,1011.9,1012.1,7.0,7.0,10.1,11.5,Yes,No
C23,12.9,26.7,0.0,nan,nan,W,31.0,E,ENE,9.0,11.0,67.0,33.0,1016.7,1013.0,nan,nan,14.4,25.5,No,No
C1,5.1,25.7,0.0,nan,nan,SE,39.0,W,E,6.0,17.0,59.0,33.0,1017.9,1015.5,nan,nan,15.5,24.3,No,No
C5,16.1,21.5,0.0,7.8,2.4,WNW,39.0,WNW,WNW,13.0,20.0,47.0,71.0,1018.3,1018.9,nan,nan,18.3,17.1,Yes,Yes
C41,16.7,35.2,0.0,9.0,8.5,SE,39.0,SE,SSE,13.0,26.0,67.0,33.0,1015.2,1011.5,0.0,1.0,24.3,21.0,No,No
C32,12.4,29.5,0.0,6.9,12.4,ESE,39.0,E,ESE,19.0,7.0,70.0,29.0,1017.6,1015.1,1.0,1.0,16.7,27.5,Yes,No
C3,17.2,25.6,1.6,4.6,10.9,SSE,39.0,S,SE,11.0,19.0,66.0,49.0,1021.7,1019.8,2.0,3.0,22.0,24.7,Yes,Yes
C45,13.6,21.9,0.0,nan,nan,SE,46.0,WSW,E,9.0,31.0,72.0,78.0,1026.1,1020.8,nan,nan,18.3,19.9,No,No
C3,13.8,26.1,0.0,3.6,9.1,WSW,22.0,E,NE,6.0,6.0,66.0,46.0,1023.5,1019.7,1.0,5.0,18.5,24.9,Yes,No
C13,4.5,25.1,0.0,5.6,nan,SE,nan,E,SSE,19.0,9.0,57.0,25.0,1017.5,1014.5,1.0,1.0,12.5,22.5,No,No
C24,8.3,18.4,0.0,2.0,3.4,NNW,46.0,NW,NW,2.0,17.0,79.0,46.0,1017.7,1014.9,6.0,7.0,10.5,17.6,No,No
C6,12.0,32.9,0.0,5.6,10.9,S,33.0,SSW,SSE,2.0,24.0,62.0,45.0,1015.8,1011.9,1.0,1.0,16.7,31.5,No,Yes
C22,10.3,13.9,2.0,nan,nan,NNW,22.0,NNW,NNW,7.0,6.0,84.0,81.0,nan,nan,nan,nan,11.4,13.9,No,No
C33,5.6,20.6,0.0,nan,nan,SE,44.0,W,ENE,13.0,11.0,89.0,68.0,1018.0,1016.2,nan,nan,15.4,18.3,No,Yes
C19,18.0,24.5,0.0,nan,nan,SW,50.0,ESE,SW,17.0,19.0,69.0,70.0,1018.3,1016.1,nan,nan,23.3,23.7,Yes,No
C30,5.9,24.0,0.0,nan,nan,E,31.0,ENE,SSW,2.0,13.0,69.0,37.0,1020.8,1018.7,nan,nan,15.5,23.4,No,No
C7,10.3,19.8,0.0,3.8,8.5,ESE,31.0,E,SE,11.0,20.0,62.0,40.0,1019.3,1018.5,nan,nan,15.1,19.4,No,No
C35,15.5,32.5,0.0,nan,nan,ENE,33.0,NE,NE,4.0,22.0,74.0,38.0,1011.8,1010.3,nan,nan,22.8,31.2,No,No
C46,20.1,22.8,0.0,nan,nan,SE,54.0,ESE,SE,26.0,15.0,15.0,16.0,nan,nan,nan,nan,16.7,21.0,No,No
C34,10.2,23.4,0.0,6.6,10.8,NE,43.0,ENE,NE,22.0,22.0,54.0,40.0,1019.0,1014.9,6.0,4.0,17.6,21.7,No,No
C45,18.0,28.6,0.2,nan,nan,NE,44.0,SW,NNE,4.0,30.0,69.0,84.0,1010.4,1007.2,nan,nan,21.6,22.6,No,No
C8,12.3,19.3,1.2,3.2,4.8,NW,39.0,NW,N,11.0,17.0,73.0,53.0,1022.7,1021.9,5.0,4.0,15.4,18.4,No,No
C40,3.7,13.6,0.6,1.2,5.4,SSW,19.0,NE,SSW,0.0,9.0,90.0,67.0,1028.3,1015.5,2.0,2.0,7.1,11.9,No,No
C18,7.2,16.5,0.2,2.6,9.0,WNW,31.0,W,WNW,15.0,17.0,66.0,59.0,1027.8,1024.4,2.0,5.0,12.1,16.1,Yes,Yes
C21,20.0,26.5,0.0,nan,nan,W,nan,NE,NW,0.0,nan,71.0,nan,nan,nan,7.0,nan,22.9,nan,No,Yes
C14,4.9,16.2,0.0,nan,nan,N,44.0,ENE,NNE,24.0,22.0,43.0,36.0,nan,nan,nan,nan,9.6,15.5,No,No
C16,9.3,19.1,0.0,nan,nan,W,39.0,W,W,9.0,19.0,50.0,43.0,1021.9,1019.4,nan,nan,15.4,18.0,No,No
C6,12.0,33.6,0.0,7.4,10.4,ESE,33.0,ESE,ESE,15.0,20.0,70.0,68.0,1009.9,1005.5,6.0,6.0,16.7,32.2,Yes,No
C8,7.1,17.3,5.8,3.0,10.2,SSE,33.0,SSE,SE,20.0,9.0,60.0,45.0,1021.4,1020.8,1.0,4.0,11.5,16.6,Yes,No
C39,19.4,25.6,0.0,nan,2.5,SSW,46.0,NNE,SW,19.0,31.0,66.0,58.0,1011.1,1011.7,nan,nan,22.6,23.3,No,No
C31,9.6,23.4,0.0,1.2,9.1,NE,35.0,WSW,ENE,9.0,22.0,66.0,26.0,1023.3,1018.2,0.0,0.0,14.4,23.0,No,Yes
C3,20.0,26.1,0.0,8.4,8.2,SSE,37.0,SSE,SE,9.0,19.0,56.0,56.0,1017.7,1016.8,4.0,7.0,23.9,23.0,No,No
C29,19.8,29.2,0.4,8.6,2.4,W,61.0,WNW,W,11.0,11.0,75.0,62.0,1010.4,1007.7,7.0,7.0,21.9,25.3,No,No
C17,0.5,12.6,0.4,nan,nan,WSW,17.0,ESE,S,0.0,11.0,98.0,78.0,1026.7,1024.2,nan,nan,3.5,12.2,No,No
C11,1.0,17.8,0.0,6.2,10.6,NW,43.0,SE,WSW,9.0,22.0,53.0,25.0,1018.0,1025.5,0.0,nan,9.1,17.4,No,No
C36,12.5,25.3,0.0,4.0,4.6,SSE,39.0,SSE,WSW,13.0,33.0,69.0,52.0,1008.1,1003.2,7.0,8.0,20.9,17.0,No,Yes
C22,13.3,21.2,0.0,nan,nan,SE,28.0,NW,WSW,13.0,7.0,57.0,61.0,nan,nan,nan,nan,18.4,20.2,Yes,No
C3,10.2,24.3,0.0,4.8,9.9,W,17.0,E,WSW,7.0,2.0,67.0,36.0,1022.8,1019.4,1.0,1.0,16.4,23.4,Yes,No
C38,16.2,23.5,0.0,6.6,8.7,SE,46.0,ENE,ESE,24.0,24.0,46.0,51.0,1013.8,1013.3,5.0,4.0,22.2,23.4,No,No
C39,nan,nan,0.0,nan,8.5,NNE,nan,NE,NNE,nan,nan,nan,nan,nan,nan,nan,nan,nan,nan,No,No
C38,14.8,23.0,0.0,4.0,9.8,NNW,26.0,SSE,N,13.0,15.0,60.0,58.0,1019.3,1017.4,1.0,1.0,20.9,22.1,No,No
C26,8.5,16.7,0.0,2.9,nan,SE,43.0,SE,SSE,11.0,13.0,45.0,30.0,1018.6,1018.0,nan,nan,12.8,16.1,No,No
C28,9.7,12.3,3.0,1.2,6.6,NE,52.0,E,NE,22.0,24.0,63.0,61.0,1023.1,1015.5,5.0,2.0,10.6,10.9,No,Yes
C33,13.2,17.9,4.0,nan,nan,W,43.0,SE,WSW,20.0,22.0,63.0,70.0,1011.2,1010.1,nan,nan,16.2,16.2,No,No
C8,6.2,23.7,0.0,2.8,9.3,WSW,28.0,WSW,ESE,4.0,7.0,66.0,33.0,1027.2,1024.7,0.0,0.0,13.8,23.4,No,No
C13,9.1,31.8,0.0,7.6,nan,N,41.0,E,NW,15.0,7.0,49.0,16.0,nan,nan,0.0,1.0,16.2,29.0,Yes,No
C43,5.4,19.7,0.2,3.2,5.7,SSW,31.0,SSW,SSW,0.0,15.0,69.0,69.0,1025.3,1023.0,nan,nan,11.7,19.2,Yes,Yes
C34,9.5,16.1,0.6,5.6,4.7,E,59.0,SW,E,9.0,17.0,80.0,55.0,1009.3,1010.0,6.0,7.0,11.1,14.3,No,No
C23,5.5,14.3,0.0,nan,nan,NE,50.0,NW,NE,0.0,20.0,93.0,49.0,1012.0,1013.0,nan,nan,7.3,13.2,No,No
C7,2.8,14.5,0.2,1.8,10.0,SE,33.0,NE,SE,15.0,9.0,62.0,41.0,1024.5,1021.9,nan,nan,7.7,12.7,Yes,No
C21,18.6,25.6,0.0,nan,nan,ESE,nan,SW,SSW,0.0,4.0,92.0,71.0,nan,nan,8.0,7.0,19.8,24.8,No,No
C20,8.1,20.4,0.2,nan,nan,S,19.0,S,SSW,6.0,7.0,69.0,80.0,1017.8,1014.4,3.0,8.0,12.2,16.6,No,No
C21,9.6,22.8,0.0,nan,nan,SW,nan,NW,SSW,4.0,4.0,76.0,49.0,nan,nan,0.0,2.0,15.6,20.4,No,No
C13,9.1,21.1,0.0,4.6,nan,NNE,39.0,NNE,ENE,24.0,20.0,68.0,38.0,1019.4,1018.4,nan,nan,12.9,20.2,No,No
C17,16.4,25.0,1.0,nan,nan,SE,56.0,WNW,WSW,7.0,22.0,90.0,42.0,1015.8,1017.2,nan,nan,18.4,23.4,Yes,Yes
C23,12.0,25.4,5.2,nan,nan,E,35.0,E,E,6.0,11.0,82.0,41.0,1011.0,1007.1,nan,nan,15.6,24.6,No,No
C35,17.5,22.6,0.0,3.0,0.8,NNW,46.0,N,NNW,7.0,0.0,84.0,52.0,1006.9,1009.3,6.0,8.0,21.1,17.8,Yes,No
C32,1.5,19.1,0.2,1.2,nan,ENE,30.0,E,NE,7.0,17.0,82.0,39.0,1020.5,1016.1,0.0,0.0,11.1,18.7,No,No
C21,8.5,18.5,0.0,nan,nan,NNW,nan,NW,N,4.0,2.0,72.0,41.0,nan,nan,5.0,4.0,13.0,19.9,No,Yes
C30,7.3,23.3,0.0,nan,nan,SSE,54.0,SSE,S,22.0,22.0,35.0,23.0,1013.4,1010.7,nan,nan,17.6,22.4,No,No
C47,16.5,22.8,0.0,9.2,nan,E,30.0,SSW,NNE,4.0,11.0,61.0,18.0,1009.3,1006.2,1.0,4.0,26.0,21.0,Yes,Yes
C17,11.9,23.8,0.0,nan,nan,W,28.0,E,W,6.0,7.0,53.0,38.0,1020.6,1018.0,nan,nan,15.0,22.7,No,No
C45,16.6,21.5,8.0,nan,nan,E,67.0,SW,NE,2.0,15.0,91.0,87.0,1011.0,1008.4,nan,nan,19.2,20.5,No,Yes
C7,9.7,14.3,0.0,2.8,0.9,S,33.0,SE,SE,13.0,17.0,71.0,73.0,1018.0,1025.1,nan,nan,12.1,12.8,No,No
C36,15.1,31.8,0.0,nan,nan,SE,46.0,SE,SE,13.0,19.0,34.0,11.0,1017.4,1014.6,nan,nan,19.7,29.4,No,Yes
C4,5.8,14.1,0.0,0.8,nan,SW,35.0,SSE,SW,6.0,13.0,73.0,52.0,1019.9,1018.4,nan,nan,10.7,12.4,Yes,No
C26,18.5,34.0,0.0,4.4,nan,S,46.0,S,SSE,0.0,28.0,79.0,54.0,1003.1,999.3,nan,nan,22.9,32.1,Yes,Yes
C25,12.7,19.9,0.0,5.6,10.7,N,41.0,NNE,N,11.0,22.0,56.0,57.0,1022.0,1020.6,1.0,1.0,18.2,19.6,No,No
C12,15.9,26.0,0.0,7.2,5.0,ENE,57.0,E,NE,17.0,19.0,59.0,51.0,1021.3,1019.1,6.0,6.0,21.5,23.8,No,No
C15,7.1,21.5,0.2,nan,nan,SE,37.0,E,E,24.0,22.0,66.0,43.0,1021.4,1020.1,0.0,nan,12.2,20.7,No,No
C2,6.9,18.3,0.0,3.2,9.8,SE,37.0,E,SSE,17.0,19.0,55.0,38.0,1028.1,1015.5,nan,nan,9.9,18.1,No,No
C29,17.0,32.6,0.0,6.8,1.6,ESE,56.0,ESE,E,13.0,24.0,47.0,22.0,1006.2,1004.0,7.0,7.0,25.5,32.3,Yes,Yes
C41,17.2,26.1,0.4,4.4,nan,WNW,31.0,NNW,W,13.0,20.0,61.0,72.0,1017.9,1017.5,3.0,1.0,22.8,25.3,No,Yes
C38,19.7,22.1,1.4,3.2,0.2,NE,41.0,ENE,NE,19.0,24.0,93.0,52.0,1018.6,1015.4,8.0,8.0,20.5,21.3,No,Yes
C32,8.1,25.8,0.0,4.4,12.3,NE,50.0,N,NE,11.0,15.0,41.0,22.0,1020.9,1017.7,0.0,2.0,19.8,25.2,No,No
C4,8.5,21.1,1.2,2.6,12.0,WNW,28.0,W,WNW,4.0,15.0,60.0,41.0,1027.8,1024.6,nan,nan,14.3,20.5,Yes,No
C24,14.0,25.6,0.0,7.8,5.0,N,28.0,NNE,N,15.0,9.0,54.0,26.0,1019.3,1016.3,5.0,7.0,16.7,24.1,Yes,No
C13,10.5,28.2,0.0,7.2,nan,W,43.0,NNE,W,15.0,13.0,50.0,33.0,1020.6,1016.9,nan,nan,18.0,26.6,Yes,No
C19,18.6,25.0,0.0,nan,nan,NW,44.0,NW,NW,7.0,22.0,78.0,76.0,1006.1,999.9,nan,nan,23.4,24.2,Yes,No
C15,6.1,16.3,1.0,nan,nan,SE,35.0,ENE,E,17.0,15.0,75.0,57.0,1011.0,1010.6,7.0,7.0,9.3,14.9,No,No
C28,10.7,14.5,4.6,nan,nan,SSE,39.0,ESE,SSE,19.0,22.0,89.0,88.0,1018.0,1015.5,5.0,8.0,12.2,13.2,No,Yes
C38,14.6,18.3,0.0,2.8,1.6,WNW,22.0,NW,SE,2.0,13.0,60.0,56.0,1024.2,1021.9,7.0,7.0,16.9,17.2,No,No
C12,20.4,28.4,0.4,9.6,11.0,SW,41.0,SSW,SW,20.0,31.0,65.0,52.0,1017.9,1014.9,3.0,2.0,25.6,27.5,No,Yes
C34,14.0,21.8,0.0,8.0,9.4,WSW,39.0,NNW,SW,15.0,24.0,74.0,49.0,1018.6,1018.0,7.0,6.0,15.6,20.6,No,No
C28,7.6,14.0,0.0,4.6,nan,WSW,39.0,SW,E,13.0,31.0,72.0,66.0,1010.7,1013.3,8.0,8.0,11.4,13.4,No,No
C13,3.2,13.3,1.8,0.2,nan,SE,24.0,WNW,NE,7.0,11.0,69.0,65.0,1025.8,1024.8,8.0,7.0,8.3,12.8,No,No
C32,3.2,20.4,0.0,3.2,10.9,ESE,46.0,SE,SE,22.0,17.0,33.0,28.0,1022.2,1020.7,1.0,0.0,16.0,20.2,No,No
C19,17.1,22.8,0.0,nan,nan,NW,39.0,ESE,NNW,7.0,15.0,49.0,74.0,1023.7,1021.2,nan,nan,21.7,21.3,No,No
C7,4.4,18.0,0.2,3.2,4.3,N,63.0,N,NNW,28.0,28.0,45.0,60.0,1003.9,998.5,7.0,7.0,16.5,15.5,No,No
C6,12.0,32.8,5.8,7.4,4.4,E,57.0,SE,ENE,13.0,9.0,96.0,61.0,1012.1,1007.4,8.0,5.0,23.4,32.0,No,No
C42,22.0,22.8,0.0,9.4,nan,S,37.0,SSE,SSE,20.0,15.0,39.0,24.0,1016.1,1012.5,1.0,2.0,16.7,21.0,No,No
C14,-2.3,5.8,0.0,nan,nan,NNW,56.0,NNW,NNW,17.0,19.0,10.0,34.0,nan,nan,nan,nan,2.5,3.2,No,No
C34,8.3,14.4,3.2,1.2,0.2,WSW,46.0,WSW,W,13.0,9.0,89.0,52.0,1011.5,1011.6,7.0,7.0,12.8,14.1,No,No
C17,11.2,16.8,1.0,nan,nan,NNE,19.0,NNE,ENE,2.0,7.0,96.0,74.0,1018.0,1015.5,nan,nan,11.9,15.9,No,No
C13,14.3,35.0,0.0,9.0,nan,SW,39.0,SSW,WSW,20.0,11.0,44.0,13.0,1018.9,1016.8,0.0,1.0,19.9,33.4,Yes,No
C32,6.7,13.3,0.0,5.5,nan,NNW,39.0,NE,NW,13.0,30.0,96.0,77.0,1012.5,1014.5,8.0,7.0,10.6,13.0,No,No
C30,6.6,20.4,0.0,nan,nan,E,33.0,NW,NNE,7.0,4.0,66.0,39.0,1019.7,1015.9,nan,nan,13.6,19.9,No,No
C34,11.8,27.5,0.0,6.8,11.7,SE,54.0,SSE,E,2.0,28.0,82.0,32.0,1018.6,1016.4,4.0,6.0,15.7,25.9,No,No
C37,1.1,16.8,0.0,1.8,9.7,NE,39.0,ESE,ENE,0.0,28.0,71.0,42.0,1022.1,1020.3,0.0,1.0,8.2,16.2,No,No
C25,19.6,29.9,0.0,9.8,10.5,N,54.0,WSW,NNW,17.0,19.0,63.0,50.0,1022.9,1021.0,2.0,1.0,25.2,28.2,No,No
C15,1.1,18.3,0.6,nan,nan,SSW,50.0,SW,SSW,24.0,19.0,95.0,57.0,1015.6,1011.6,8.0,nan,9.1,17.0,No,Yes
C28,6.7,12.5,0.2,1.8,3.1,NE,50.0,SE,NE,11.0,20.0,62.0,81.0,1012.9,1011.6,8.0,4.0,8.4,11.8,No,No
C22,8.7,15.8,0.0,nan,nan,SSW,39.0,NNW,SW,19.0,19.0,55.0,40.0,nan,nan,nan,nan,14.8,13.8,No,No
C41,3.9,19.8,0.0,1.2,nan,S,50.0,SSW,S,22.0,9.0,61.0,45.0,1017.6,1012.6,3.0,7.0,11.7,18.0,No,No
C32,13.7,33.9,0.0,9.8,8.5,NE,39.0,E,NNE,20.0,17.0,49.0,16.0,1019.8,1016.9,0.0,0.0,20.1,31.2,No,No
C23,16.9,28.9,3.6,nan,nan,ESE,50.0,NNW,ESE,13.0,11.0,67.0,32.0,1012.6,1010.3,nan,nan,19.7,27.8,No,Yes
C36,17.8,26.1,0.0,11.0,9.9,E,61.0,NE,NNW,13.0,19.0,70.0,23.0,1021.4,1020.0,7.0,1.0,18.0,23.9,No,No
C48,2.4,21.0,0.0,nan,nan,W,31.0,SSE,W,13.0,17.0,83.0,29.0,1025.2,1022.0,nan,nan,6.2,19.2,No,No
C31,19.4,22.8,0.0,4.4,8.5,SW,56.0,S,SSW,28.0,24.0,33.0,12.0,1013.9,1010.6,1.0,1.0,27.3,21.0,No,No
C22,21.3,34.7,0.0,nan,nan,ENE,39.0,NE,SSW,4.0,6.0,70.0,37.0,nan,nan,nan,nan,24.9,21.0,No,Yes
C45,10.3,19.5,0.0,nan,nan,WNW,35.0,NNE,W,9.0,20.0,73.0,68.0,1022.2,1018.1,nan,nan,15.0,17.9,Yes,No
C26,16.6,27.9,0.0,4.4,nan,SE,37.0,E,SE,6.0,11.0,67.0,40.0,1022.1,1018.6,nan,nan,21.1,26.4,Yes,No
C7,12.4,22.1,0.0,1.2,4.5,WNW,41.0,WNW,W,19.0,17.0,65.0,49.0,1021.3,1017.9,6.0,7.0,16.2,21.4,No,No
C40,2.6,22.8,0.0,3.4,5.5,NE,41.0,NW,ENE,13.0,17.0,65.0,30.0,1018.7,1013.6,7.0,7.0,10.8,22.8,No,No
C31,10.4,26.4,0.0,8.4,12.7,W,54.0,E,SW,13.0,17.0,37.0,19.0,1024.8,1021.1,0.0,1.0,17.3,25.9,No,No
C14,16.9,25.8,0.0,nan,nan,W,48.0,SW,NNE,22.0,19.0,51.0,50.0,nan,nan,nan,nan,19.4,24.8,No,No
C14,4.1,8.6,6.4,nan,nan,W,39.0,NE,N,13.0,19.0,98.0,52.0,nan,nan,nan,nan,7.4,8.5,No,No
C29,6.0,16.7,0.0,3.6,2.5,N,44.0,W,N,19.0,22.0,57.0,51.0,1020.4,1016.8,7.0,6.0,12.8,16.4,No,No
C32,-0.7,12.9,0.0,2.2,3.2,WSW,35.0,E,NNE,11.0,20.0,69.0,75.0,1026.2,1025.0,nan,6.0,6.5,10.6,No,No
C38,16.6,23.3,0.4,nan,nan,W,41.0,E,WSW,19.0,22.0,56.0,55.0,1023.3,1021.1,1.0,1.0,19.7,21.5,No,No
C23,-5.5,12.6,0.0,nan,nan,SSE,17.0,SE,SSE,4.0,7.0,78.0,40.0,1021.6,1018.0,nan,nan,0.0,11.5,No,No
C21,12.0,25.2,0.0,nan,nan,SE,nan,NW,W,4.0,nan,74.0,nan,nan,nan,0.0,nan,17.4,nan,Yes,No
C26,12.3,30.6,0.2,4.0,nan,SSW,31.0,S,S,7.0,15.0,79.0,38.0,1026.1,1020.5,nan,nan,18.7,29.2,Yes,No
C20,20.6,22.8,0.0,nan,nan,NNW,56.0,NW,WSW,6.0,24.0,40.0,18.0,1010.8,1009.8,1.0,nan,16.7,21.0,No,No
C15,6.5,13.8,0.0,nan,nan,SE,41.0,NNW,NNW,13.0,22.0,92.0,67.0,1009.4,1008.9,7.0,8.0,9.8,12.1,No,No
C6,12.0,32.7,9.0,6.2,4.0,NNE,30.0,NW,NNE,20.0,11.0,84.0,59.0,1010.8,1007.4,7.0,7.0,26.7,31.9,No,Yes
C48,7.4,26.3,0.0,nan,nan,E,33.0,ESE,SSE,7.0,19.0,70.0,26.0,1024.9,1021.7,nan,nan,15.4,25.6,No,No
C13,8.0,26.6,0.0,nan,nan,N,57.0,ENE,N,11.0,26.0,67.0,36.0,1010.0,1006.9,nan,nan,16.3,25.4,No,Yes
C12,17.8,26.5,0.2,5.2,3.1,SW,52.0,S,S,28.0,31.0,79.0,67.0,1019.5,1017.2,7.0,7.0,21.9,24.5,No,Yes
C34,13.0,21.0,0.0,5.8,2.8,SE,39.0,S,ESE,13.0,19.0,42.0,38.0,1017.4,1015.1,7.0,8.0,16.6,20.3,No,No
C39,21.5,32.4,0.0,nan,8.7,WNW,41.0,WNW,ESE,20.0,15.0,53.0,25.0,1014.0,1011.8,4.0,1.0,22.9,30.6,No,No
C38,13.9,19.5,0.8,1.8,7.1,E,22.0,ESE,E,0.0,9.0,70.0,72.0,1018.4,1015.7,5.0,2.0,17.6,18.8,No,Yes
C4,12.0,22.8,0.0,7.6,12.2,WNW,30.0,NE,NNW,9.0,13.0,28.0,28.0,1004.8,1004.5,nan,nan,16.7,21.0,No,Yes
C33,4.8,16.1,2.4,nan,nan,WNW,20.0,E,WSW,0.0,11.0,69.0,69.0,1018.0,1015.5,nan,nan,10.0,14.7,No,No
C19,10.1,18.2,0.0,nan,nan,N,50.0,ESE,NNE,17.0,31.0,46.0,58.0,1015.7,1015.6,nan,6.0,14.6,17.1,No,No
C47,12.0,22.8,0.0,8.0,nan,NNW,37.0,ENE,N,9.0,24.0,72.0,nan,1014.2,1009.9,2.0,nan,16.7,nan,Yes,Yes
C21,10.0,19.0,0.8,nan,nan,W,nan,SW,WSW,0.0,nan,83.0,nan,nan,nan,1.0,nan,12.0,nan,No,No
C31,9.9,20.7,0.0,1.8,7.5,W,46.0,W,W,11.0,31.0,84.0,49.0,1017.2,1013.8,5.0,6.0,13.8,19.2,No,No
C38,16.1,19.9,0.0,3.6,9.0,S,54.0,SSW,SSE,24.0,31.0,64.0,78.0,1015.3,1014.2,1.0,7.0,18.4,17.1,No,No
C21,19.8,28.8,0.0,nan,nan,SSW,nan,S,SSW,0.0,28.0,94.0,82.0,nan,nan,8.0,7.0,23.5,22.6,No,No
C16,20.0,28.6,0.2,nan,nan,SSW,35.0,SSE,W,11.0,24.0,69.0,64.0,1019.2,1016.8,nan,nan,27.1,27.6,No,No
C33,9.7,17.4,1.8,nan,nan,NE,39.0,NE,SE,17.0,26.0,81.0,52.0,1005.7,998.5,nan,nan,14.2,15.5,No,No
C9,17.0,27.0,0.0,5.2,nan,W,20.0,SSW,SSE,13.0,13.0,69.0,65.0,1014.0,1009.6,nan,nan,24.2,26.3,No,No
C15,1.3,15.9,0.0,nan,nan,NW,35.0,NNW,NW,7.0,13.0,97.0,47.0,1023.9,1024.3,nan,8.0,9.4,15.3,No,No
C19,17.8,20.2,0.0,nan,nan,E,59.0,E,E,13.0,19.0,77.0,80.0,1008.6,1010.8,8.0,7.0,20.1,18.5,No,No
C4,8.4,13.0,1.2,1.0,1.8,ESE,39.0,ENE,ESE,17.0,24.0,78.0,66.0,1013.0,1011.1,nan,nan,10.2,12.5,No,No
C41,17.2,34.6,nan,nan,nan,SSE,46.0,W,SSE,13.0,19.0,65.0,48.0,1010.5,1005.7,nan,nan,24.5,32.6,No,No
C9,21.0,27.0,3.4,1.2,nan,W,41.0,NW,W,22.0,30.0,93.0,74.0,1017.3,1013.6,8.0,4.0,22.6,25.6,No,No
C11,12.0,22.8,2.4,11.6,6.5,SW,46.0,S,ENE,7.0,19.0,41.0,35.0,1009.5,1005.8,4.0,7.0,16.7,33.2,No,No
C44,13.8,29.3,0.0,nan,nan,NNE,33.0,SSE,ENE,17.0,22.0,64.0,51.0,1019.0,1013.0,nan,nan,19.4,26.9,No,No
C35,9.4,18.5,0.0,4.8,2.1,ESE,43.0,E,S,13.0,15.0,77.0,62.0,1008.7,1008.8,5.0,7.0,14.4,16.6,Yes,No
C2,18.5,25.9,3.8,2.8,1.1,WSW,nan,NNW,WSW,15.0,22.0,90.0,65.0,1016.6,1012.3,8.0,7.0,19.1,24.5,No,No
C46,17.7,22.8,0.0,nan,nan,SSW,48.0,W,SW,22.0,20.0,51.0,17.0,nan,nan,nan,nan,26.4,21.0,No,No
C4,9.5,14.8,0.2,nan,nan,S,46.0,E,S,19.0,19.0,44.0,75.0,1019.6,1018.6,nan,nan,11.6,13.1,No,No
C23,-0.2,11.2,2.4,nan,nan,E,28.0,WNW,E,9.0,17.0,nan,64.0,1013.8,1010.3,nan,nan,nan,9.4,No,No
C31,17.1,28.5,0.0,10.4,12.0,ESE,37.0,WSW,NW,7.0,24.0,56.0,47.0,1008.9,1006.0,1.0,1.0,22.1,26.7,Yes,Yes
C7,8.3,15.9,0.0,4.2,9.9,SE,39.0,SSE,SE,13.0,19.0,47.0,39.0,1006.6,1008.8,7.0,7.0,12.3,15.3,Yes,Yes
C18,8.8,19.5,0.0,2.8,5.9,E,41.0,NNE,SE,19.0,28.0,57.0,69.0,1022.9,1023.2,6.0,7.0,16.2,18.1,No,No
C3,19.0,32.0,0.4,7.2,12.9,WNW,24.0,NNE,NNE,2.0,9.0,57.0,52.0,1012.6,1008.8,5.0,2.0,26.1,30.4,No,Yes
C43,5.7,25.4,0.0,6.0,5.8,N,35.0,N,W,7.0,15.0,69.0,35.0,1017.8,1014.7,nan,nan,11.7,23.7,No,Yes
C39,8.0,16.7,5.4,nan,4.8,SW,50.0,E,N,11.0,20.0,85.0,64.0,1021.6,1020.3,4.0,7.0,12.5,15.5,No,Yes
C14,10.0,19.6,0.0,nan,nan,SE,44.0,S,S,13.0,17.0,59.0,35.0,nan,nan,nan,nan,12.4,18.4,No,No
C25,14.6,26.1,0.0,4.8,7.9,ENE,33.0,NE,NE,11.0,24.0,61.0,55.0,1028.1,1023.7,2.0,7.0,21.5,23.2,Yes,Yes
C29,3.3,15.2,2.2,1.4,8.4,ENE,31.0,SSE,NE,0.0,11.0,69.0,57.0,1018.0,1015.5,1.0,3.0,4.2,14.5,No,No
C22,16.0,27.2,0.0,nan,nan,ESE,26.0,ESE,SW,2.0,9.0,73.0,49.0,nan,nan,nan,nan,20.2,26.7,No,No
C22,16.9,27.2,2.8,nan,nan,SW,28.0,SSW,W,0.0,11.0,97.0,58.0,nan,nan,nan,nan,19.2,27.0,No,No
C22,18.9,26.4,2.4,nan,nan,ENE,39.0,ENE,ENE,20.0,31.0,56.0,47.0,nan,nan,nan,nan,21.8,18.8,Yes,Yes
C46,9.9,28.0,0.0,nan,nan,SSE,43.0,S,S,9.0,15.0,65.0,32.0,nan,nan,nan,nan,16.8,25.8,Yes,Yes
C14,4.3,7.4,2.6,nan,nan,W,35.0,SW,SSW,13.0,15.0,nan,nan,nan,nan,nan,nan,nan,nan,Yes,No
C44,17.8,32.9,0.4,nan,nan,SE,41.0,NW,SE,20.0,15.0,76.0,62.0,1017.6,1012.2,nan,nan,22.6,27.4,No,No
C20,4.3,12.2,3.6,nan,nan,WSW,11.0,SW,SW,0.0,6.0,69.0,52.0,1009.0,1009.4,8.0,8.0,7.2,12.0,No,No
C6,18.1,32.4,0.0,8.0,8.7,SW,37.0,WNW,WSW,15.0,17.0,36.0,25.0,1016.1,1011.9,6.0,7.0,22.6,30.9,No,Yes
C26,17.2,27.0,0.0,nan,nan,SE,43.0,WNW,SE,9.0,19.0,85.0,86.0,1015.0,1013.3,1.0,8.0,21.8,21.5,No,Yes
C39,3.8,22.6,0.0,nan,9.1,ESE,20.0,S,SE,13.0,6.0,83.0,33.0,1018.0,1015.5,nan,nan,13.2,22.2,No,No
C27,16.4,25.2,1.4,1.6,6.7,SSW,33.0,NNE,S,9.0,20.0,82.0,65.0,1012.0,1011.2,6.0,4.0,21.4,23.9,Yes,Yes
C30,-0.9,18.1,0.0,nan,nan,SE,41.0,E,SE,0.0,11.0,73.0,31.0,1020.8,1017.5,nan,nan,7.7,17.1,No,No
C31,16.5,32.9,0.0,9.8,11.5,S,41.0,SSW,SSW,11.0,24.0,41.0,33.0,1008.4,1007.6,7.0,6.0,27.5,30.9,No,No
C15,8.0,17.1,0.0,nan,nan,WSW,65.0,WSW,WSW,30.0,31.0,68.0,47.0,1006.9,1007.5,8.0,7.0,10.5,14.9,No,No
C10,10.2,15.6,0.0,1.8,nan,NE,nan,NE,ENE,15.0,nan,70.0,nan,1019.1,1018.8,7.0,nan,12.8,nan,No,No
C36,14.4,24.3,0.0,6.6,nan,ENE,41.0,ENE,ENE,30.0,28.0,60.0,30.0,1023.5,1021.0,1.0,4.0,17.5,23.9,No,No
C3,19.0,30.6,0.0,nan,12.9,N,33.0,NNW,NNW,6.0,13.0,51.0,52.0,1013.2,1009.9,1.0,1.0,27.6,29.1,No,Yes
C31,9.3,26.9,0.6,3.4,10.8,ESE,39.0,SSW,ESE,15.0,13.0,32.0,23.0,1024.3,1020.3,3.0,0.0,20.5,26.7,No,No
C36,11.6,31.1,0.0,4.4,7.5,ESE,48.0,SE,E,30.0,24.0,10.0,2.0,1020.5,1016.0,7.0,7.0,20.9,29.6,No,No
C33,8.2,15.1,0.4,nan,nan,SE,41.0,NNW,SE,15.0,24.0,85.0,77.0,1023.0,1020.3,nan,nan,10.8,12.3,No,No
C8,11.2,22.0,0.6,5.2,10.6,ENE,nan,NNW,ENE,6.0,nan,53.0,nan,1017.5,nan,3.0,4.0,18.8,nan,No,No
C13,4.4,19.2,0.4,nan,nan,W,20.0,N,SW,0.0,9.0,69.0,58.0,1018.0,1015.5,nan,nan,10.2,18.5,No,No
C43,6.7,15.7,2.4,3.8,7.5,NE,39.0,SE,ENE,13.0,20.0,90.0,59.0,1014.3,1017.4,nan,nan,12.8,13.6,No,No
C42,7.9,19.5,0.0,1.6,nan,SSW,39.0,WSW,SW,9.0,20.0,72.0,36.0,1015.6,1012.0,3.0,3.0,13.0,19.3,Yes,No
C31,8.1,19.7,0.0,2.4,7.5,SSW,37.0,N,SSW,17.0,13.0,73.0,46.0,1024.6,1021.2,7.0,3.0,13.3,17.1,No,No
C6,18.5,32.1,0.0,5.6,11.1,SE,35.0,WNW,W,11.0,20.0,64.0,46.0,1013.0,1010.4,0.0,0.0,24.7,29.9,No,No
C20,3.7,19.1,0.0,nan,nan,NNE,33.0,ESE,SSE,2.0,17.0,96.0,61.0,1023.9,1020.7,8.0,2.0,9.0,18.3,No,No
C27,11.1,17.4,1.6,2.2,0.5,S,54.0,W,W,9.0,26.0,85.0,66.0,1020.2,1016.9,7.0,7.0,16.0,16.9,Yes,Yes
C43,5.5,15.8,3.8,1.8,4.1,WSW,48.0,W,W,22.0,15.0,96.0,52.0,1008.1,1006.9,nan,nan,10.3,13.6,No,Yes
C43,3.2,15.5,0.0,1.8,5.2,WNW,43.0,NNE,WNW,4.0,20.0,nan,nan,1023.8,1022.7,nan,nan,7.4,14.3,No,No
C45,16.4,25.9,0.0,nan,nan,WNW,65.0,NW,WNW,9.0,20.0,64.0,64.0,1008.7,1005.0,nan,nan,20.5,22.6,No,No
C35,2.5,19.4,0.2,nan,nan,NNW,15.0,NNE,N,7.0,7.0,95.0,47.0,1018.0,1015.5,5.0,3.0,6.6,19.2,No,No
C13,6.1,15.8,0.2,1.8,nan,WNW,24.0,NNW,W,0.0,11.0,96.0,78.0,1018.2,1017.3,4.0,7.0,10.2,14.8,Yes,No
C25,22.2,25.5,0.0,4.8,3.0,ENE,33.0,ENE,ENE,17.0,9.0,68.0,80.0,1015.7,1015.8,7.0,7.0,23.2,22.9,No,No
C36,4.4,18.5,0.0,2.8,nan,NNW,35.0,E,N,7.0,24.0,73.0,36.0,1025.9,1022.1,0.0,0.0,9.0,17.8,Yes,No
C24,9.6,20.5,0.0,2.6,7.6,SSE,35.0,SE,NW,13.0,20.0,76.0,40.0,1009.6,1007.0,2.0,7.0,12.4,19.8,No,No
C7,8.3,11.0,1.6,0.8,0.0,WSW,35.0,WSW,WNW,20.0,20.0,88.0,52.0,1020.1,1016.6,8.0,8.0,8.7,9.9,No,No
C13,12.5,25.0,0.0,nan,nan,N,33.0,N,NW,9.0,19.0,60.0,24.0,1023.3,1024.6,6.0,nan,18.7,22.0,No,No
C13,18.2,31.3,0.0,nan,nan,SSE,43.0,ENE,ESE,15.0,24.0,61.0,36.0,1013.8,1007.4,3.0,1.0,20.6,29.6,Yes,No
C19,20.8,26.8,0.4,nan,nan,ENE,59.0,E,E,2.0,28.0,46.0,77.0,1006.2,1007.0,nan,6.0,25.0,19.9,No,No
C11,2.7,22.4,0.0,6.2,11.2,SE,35.0,NW,SE,6.0,17.0,34.0,17.0,1025.9,1022.1,0.0,0.0,14.3,22.0,No,Yes
C2,13.2,23.4,0.2,6.0,8.7,S,24.0,SW,SSW,17.0,15.0,69.0,42.0,1026.2,1023.9,2.0,3.0,17.1,23.2,No,No
C47,12.0,22.8,0.0,8.0,nan,S,44.0,S,SSE,13.0,19.0,58.0,38.0,1010.4,1004.2,3.0,5.0,16.7,21.0,No,No
C34,12.3,22.4,0.0,5.4,8.3,NNW,39.0,NE,NE,13.0,19.0,65.0,47.0,1021.7,1016.7,2.0,5.0,16.5,20.7,No,No
C13,9.9,21.2,0.0,6.4,nan,WSW,41.0,WSW,WSW,13.0,19.0,58.0,37.0,1012.7,1011.2,7.0,1.0,11.8,18.8,No,No
C4,15.7,32.1,0.0,9.2,12.6,SE,28.0,SSE,SE,6.0,17.0,36.0,17.0,1014.8,1012.9,nan,nan,23.9,31.6,No,No
C2,21.7,27.9,0.4,5.8,10.1,E,nan,ENE,ENE,9.0,20.0,72.0,61.0,1020.6,1017.6,2.0,2.0,25.6,27.3,No,No
C25,16.9,23.6,3.0,4.8,0.4,NE,35.0,NNE,NE,9.0,24.0,62.0,57.0,1018.5,1015.1,7.0,8.0,20.4,22.6,No,No
C6,12.0,30.4,0.0,6.2,1.3,SE,30.0,NNE,SW,13.0,15.0,96.0,68.0,1010.7,1006.9,8.0,7.0,25.0,28.9,No,No
C35,10.7,11.6,0.0,0.6,0.0,SE,46.0,SSE,SSE,24.0,28.0,90.0,76.0,1011.6,1013.4,8.0,8.0,10.7,10.8,No,Yes
C3,10.1,26.1,0.0,5.6,10.6,WNW,22.0,WSW,W,6.0,11.0,45.0,27.0,1019.3,1015.4,0.0,2.0,19.4,24.5,No,No
C34,14.7,23.7,0.0,4.6,4.7,SW,44.0,WNW,SE,19.0,22.0,91.0,63.0,1015.2,1014.4,7.0,7.0,16.0,20.6,No,No
C1,2.7,16.1,0.0,3.4,nan,SSE,31.0,SSE,E,19.0,13.0,56.0,39.0,1018.0,1015.5,1.0,nan,9.1,15.1,No,No
C48,6.1,26.2,0.0,nan,nan,NNE,33.0,ESE,N,19.0,13.0,54.0,19.0,1024.4,1019.7,nan,nan,12.9,24.5,No,No
C22,16.8,31.0,0.0,nan,nan,SW,26.0,SW,WSW,0.0,4.0,82.0,47.0,nan,nan,nan,nan,21.5,29.4,No,No
C16,20.6,29.3,0.0,nan,nan,NNE,30.0,NW,NE,6.0,20.0,70.0,64.0,1021.9,1019.0,nan,nan,25.5,27.8,No,No
C34,17.6,29.7,0.2,5.0,12.5,W,65.0,WNW,W,13.0,11.0,69.0,42.0,1010.0,1009.1,1.0,4.0,22.8,29.5,No,No
C18,9.9,29.6,0.0,9.6,12.0,SE,39.0,WSW,SE,11.0,24.0,84.0,35.0,1015.6,1014.2,5.0,6.0,17.8,26.5,No,No
C25,13.2,22.9,0.0,5.2,9.8,NE,28.0,ENE,ENE,9.0,19.0,70.0,64.0,1021.0,1018.6,1.0,4.0,19.4,21.9,No,No
C12,12.0,31.9,0.0,4.4,9.5,SSE,50.0,N,S,28.0,19.0,52.0,50.0,1013.4,1010.7,2.0,7.0,16.7,29.7,Yes,No
C11,6.1,22.5,0.0,7.4,11.0,S,48.0,SSE,SE,11.0,30.0,35.0,16.0,1024.6,1021.1,1.0,0.0,15.0,22.1,No,No
C42,4.6,18.6,0.0,3.4,nan,SSW,39.0,N,SSE,9.0,20.0,60.0,33.0,1016.6,1014.1,1.0,2.0,11.2,17.6,Yes,Yes
C21,20.7,26.0,0.2,nan,nan,NW,nan,E,ENE,11.0,6.0,68.0,59.0,nan,nan,7.0,8.0,23.0,24.8,No,No
C38,17.5,22.8,0.2,7.0,5.3,S,33.0,SSE,S,9.0,17.0,76.0,63.0,1017.1,1015.8,6.0,7.0,18.4,21.2,No,No
C3,12.5,22.8,0.0,2.2,3.3,SSW,35.0,WSW,W,6.0,15.0,83.0,54.0,1014.9,1013.8,8.0,7.0,17.4,18.7,Yes,Yes
C25,13.0,25.5,0.0,5.0,10.7,NNW,56.0,NNW,NNW,28.0,28.0,40.0,30.0,1020.2,1016.9,1.0,1.0,19.5,24.4,No,Yes
C3,19.6,23.6,3.4,5.0,0.2,NE,15.0,NW,NE,0.0,6.0,85.0,87.0,1018.1,1016.2,8.0,8.0,21.4,20.3,No,No
C42,8.4,24.5,0.0,3.4,10.6,ENE,19.0,E,E,7.0,4.0,68.0,28.0,1026.3,1022.9,0.0,1.0,15.8,23.8,No,Yes
C14,8.4,19.0,0.0,nan,nan,NNW,30.0,N,WSW,13.0,6.0,82.0,37.0,nan,nan,nan,nan,10.8,18.9,No,No
C35,10.8,17.0,0.0,5.4,7.4,NE,41.0,E,NNE,20.0,24.0,58.0,39.0,1020.4,1021.2,7.0,4.0,12.0,16.1,No,No
C49,12.0,22.8,0.2,nan,nan,E,44.0,NW,SE,19.0,19.0,45.0,30.0,1011.7,1008.5,nan,1.0,16.7,21.0,No,No
C24,5.7,19.7,4.4,5.2,10.8,NW,44.0,E,N,24.0,11.0,53.0,29.0,1023.9,1022.3,1.0,1.0,12.6,18.3,No,No
C37,12.0,32.3,0.0,nan,nan,E,39.0,ENE,ENE,19.0,19.0,28.0,18.0,1012.4,1010.6,2.0,7.0,24.3,30.1,No,No
C34,15.1,20.9,0.0,10.0,5.2,WSW,43.0,NW,SW,9.0,30.0,44.0,51.0,1015.9,1019.7,7.0,7.0,18.4,18.1,Yes,Yes
C3,15.6,24.5,0.0,2.8,4.1,S,39.0,SSE,SSE,7.0,19.0,69.0,67.0,1019.8,1017.9,7.0,7.0,19.5,20.6,No,No
C37,10.0,24.9,0.0,5.0,9.3,SSW,35.0,NNE,NE,20.0,17.0,49.0,29.0,1026.2,1020.5,4.0,6.0,16.8,23.7,No,No
C14,6.2,16.0,0.6,nan,nan,SSE,26.0,S,SSE,7.0,7.0,85.0,52.0,nan,nan,nan,nan,11.4,9.2,No,No
C24,17.9,22.8,0.0,6.2,10.2,SSE,54.0,SSE,SE,20.0,24.0,41.0,14.0,1007.4,1004.4,0.0,4.0,24.4,21.0,No,No
C32,3.8,20.2,0.0,1.5,9.7,NNW,24.0,NW,NNW,9.0,13.0,71.0,41.0,1018.0,1015.5,1.0,nan,12.6,19.6,No,No
C36,15.0,30.1,0.0,11.6,9.8,NE,33.0,NNE,NE,24.0,11.0,41.0,12.0,1020.6,1018.4,0.0,3.0,20.9,28.4,No,No
C39,12.0,22.8,0.0,nan,8.4,SSW,50.0,NE,SW,13.0,19.0,17.0,9.0,1008.9,1006.1,5.0,3.0,16.7,21.0,No,No
C46,5.6,16.7,0.2,nan,nan,N,30.0,ENE,NE,13.0,15.0,95.0,66.0,nan,nan,nan,nan,10.0,14.6,No,Yes
C9,19.4,28.8,0.2,6.4,10.0,SE,31.0,SE,S,15.0,24.0,65.0,47.0,1018.5,1014.2,1.0,1.0,24.6,27.2,No,No
C31,18.2,32.6,0.0,9.2,13.0,N,39.0,NNE,NNW,26.0,31.0,47.0,22.0,1016.3,1012.9,1.0,3.0,23.5,31.9,No,No
C14,6.6,20.0,0.2,nan,nan,SE,31.0,E,SE,11.0,13.0,71.0,41.0,nan,nan,nan,nan,13.3,18.8,No,No
C37,9.5,19.2,0.0,2.6,8.6,W,43.0,SW,W,17.0,22.0,61.0,39.0,1016.1,1013.7,5.0,3.0,14.5,17.7,No,No
C19,13.9,19.0,4.8,nan,nan,W,52.0,W,W,17.0,24.0,71.0,62.0,1022.8,1022.1,8.0,8.0,15.5,17.8,No,No
C11,21.0,22.8,0.0,11.4,5.6,SE,63.0,NW,WSW,17.0,33.0,28.0,48.0,1006.7,1007.3,4.0,7.0,16.7,26.8,No,No
C21,10.0,25.7,0.0,nan,nan,W,nan,N,WSW,0.0,4.0,89.0,35.0,nan,nan,1.0,1.0,15.0,25.0,No,No
C35,11.5,22.0,0.0,nan,nan,SW,24.0,WSW,WSW,9.0,17.0,95.0,76.0,1018.0,1025.9,8.0,nan,15.1,19.5,No,No
C12,15.6,28.7,0.0,10.0,10.7,SE,48.0,SSW,SSW,28.0,33.0,48.0,51.0,1022.8,1018.5,1.0,1.0,25.0,26.9,No,No
C3,19.7,28.9,2.2,7.0,7.3,N,35.0,N,N,11.0,15.0,67.0,44.0,1020.1,1018.2,5.0,7.0,24.5,27.5,No,No
C32,5.6,18.8,0.0,6.1,7.2,N,56.0,N,SSW,26.0,19.0,55.0,52.0,1014.8,1011.9,2.0,7.0,14.2,17.4,No,No
C34,-0.4,12.4,0.0,0.0,4.3,SE,44.0,ESE,SE,6.0,28.0,94.0,57.0,1023.9,1019.8,1.0,7.0,3.3,11.6,Yes,No
C23,13.8,30.6,0.0,nan,nan,WNW,28.0,SSW,E,0.0,11.0,87.0,41.0,1016.0,1013.2,nan,nan,17.4,28.9,No,No
C2,19.6,28.0,0.0,7.4,9.8,SSW,35.0,SSW,SSW,7.0,20.0,67.0,49.0,1020.1,1017.5,5.0,5.0,22.3,25.5,Yes,Yes
C44,15.1,22.4,2.0,nan,nan,SW,44.0,SSW,S,20.0,26.0,85.0,64.0,1008.4,1008.6,nan,nan,17.1,21.2,No,No
C39,14.9,31.8,0.0,nan,8.5,W,44.0,W,W,15.0,28.0,63.0,40.0,1012.6,1009.7,nan,nan,23.0,30.6,Yes,No
C36,10.8,22.6,0.0,nan,nan,WNW,31.0,E,WNW,20.0,4.0,65.0,34.0,1024.5,1021.3,nan,3.0,16.7,21.5,No,No
C10,19.2,21.3,0.0,6.2,0.7,W,nan,NNE,W,11.0,19.0,78.0,68.0,1018.0,1017.0,8.0,7.0,19.8,20.5,Yes,Yes
C46,6.9,18.4,0.0,nan,nan,ESE,31.0,E,ENE,15.0,17.0,80.0,61.0,nan,nan,nan,nan,11.9,16.3,No,No
C2,20.2,27.2,1.6,2.6,8.6,ESE,nan,E,SSE,9.0,22.0,69.0,62.0,1002.7,998.6,6.0,6.0,23.8,26.0,No,No
C30,7.1,25.2,0.0,nan,nan,SE,48.0,NE,SE,9.0,11.0,52.0,30.0,1020.8,1016.7,nan,nan,17.8,25.0,No,No
C11,11.5,30.3,0.0,nan,nan,SE,39.0,S,SE,17.0,20.0,23.0,14.0,1010.2,1006.2,nan,nan,22.6,29.7,No,Yes
C46,13.8,23.1,1.6,nan,nan,SSW,50.0,SW,SW,22.0,28.0,62.0,51.0,nan,nan,nan,nan,18.6,20.7,No,No
C33,8.4,16.3,0.0,nan,nan,WSW,39.0,SW,SW,24.0,28.0,84.0,72.0,1010.5,1007.7,nan,nan,13.7,14.0,No,No
C9,12.0,29.9,0.0,5.2,6.4,N,43.0,NNW,NE,19.0,22.0,80.0,69.0,1014.1,1011.0,5.0,4.0,26.9,29.0,No,No
C3,10.2,21.6,0.0,5.4,9.5,NNW,20.0,E,NNW,9.0,4.0,57.0,38.0,1021.7,1020.4,6.0,4.0,15.2,20.6,No,Yes
C30,14.5,22.8,0.0,nan,nan,ENE,30.0,E,ENE,4.0,13.0,56.0,22.0,1014.6,1010.6,nan,nan,26.2,21.0,Yes,No
C31,11.0,28.3,0.0,8.0,11.1,S,54.0,ESE,S,24.0,11.0,48.0,25.0,1018.3,1013.3,0.0,0.0,19.5,28.3,No,Yes
C33,12.6,21.5,0.0,nan,nan,N,28.0,E,N,11.0,15.0,65.0,72.0,1014.7,1013.9,nan,nan,17.9,18.1,No,No
C21,10.1,24.8,0.0,nan,nan,S,nan,NNE,NE,0.0,11.0,63.0,36.0,nan,nan,6.0,7.0,15.8,23.8,No,Yes
C17,9.0,21.1,0.0,nan,nan,ENE,59.0,ENE,NNE,24.0,19.0,68.0,61.0,1003.4,1000.9,nan,nan,16.7,18.4,No,No
C25,5.8,16.4,0.0,3.8,9.6,W,46.0,S,WSW,19.0,20.0,53.0,32.0,1016.1,1015.5,1.0,3.0,12.1,16.1,No,No
C4,8.2,17.1,0.0,4.0,11.3,WSW,35.0,N,NW,13.0,19.0,59.0,40.0,1018.0,1015.5,nan,nan,11.0,16.3,No,Yes
C27,18.3,26.0,1.0,nan,nan,W,37.0,SW,SW,7.0,22.0,81.0,52.0,1020.0,1018.4,8.0,3.0,21.5,24.6,No,Yes
C8,13.4,22.9,0.0,8.2,8.5,SW,46.0,ENE,WSW,15.0,20.0,51.0,44.0,1012.1,1011.0,7.0,1.0,17.9,22.0,Yes,No
C14,-3.0,6.1,0.0,nan,nan,ESE,39.0,SE,S,6.0,11.0,24.0,48.0,nan,nan,nan,nan,2.3,5.4,No,No
C30,0.3,16.6,0.0,nan,nan,SSW,30.0,SSW,ESE,4.0,17.0,79.0,46.0,nan,nan,nan,nan,8.1,16.4,No,No
C9,12.0,27.8,0.0,6.6,0.8,SE,56.0,ESE,ESE,22.0,20.0,94.0,52.0,1011.2,1007.8,8.0,8.0,24.9,25.5,No,No
C30,14.8,27.3,0.0,nan,nan,SE,28.0,W,NW,7.0,13.0,81.0,50.0,1026.4,1022.1,nan,nan,18.3,26.5,No,Yes
C8,14.7,30.2,0.0,8.0,12.8,WSW,30.0,NW,SW,7.0,15.0,50.0,41.0,1010.6,1007.5,7.0,3.0,24.5,28.0,No,Yes
C36,14.6,27.5,1.8,nan,7.4,N,56.0,N,N,17.0,33.0,44.0,17.0,1018.4,1014.9,2.0,2.0,18.4,26.0,No,No
C23,11.6,23.7,0.0,nan,nan,SSW,44.0,W,WNW,6.0,15.0,52.0,35.0,1010.3,1007.0,nan,nan,16.5,21.7,No,No
C22,16.3,35.4,0.0,nan,nan,WNW,39.0,E,SE,6.0,4.0,72.0,17.0,nan,nan,nan,nan,22.6,21.0,No,Yes
C45,20.5,27.5,0.0,nan,nan,NE,35.0,SSW,ENE,15.0,24.0,78.0,75.0,1017.1,1012.6,nan,nan,22.8,25.5,No,No
C22,6.3,13.8,1.0,nan,nan,NNW,13.0,NE,NNE,0.0,0.0,94.0,74.0,nan,nan,nan,nan,10.3,13.7,No,Yes
C22,5.9,24.8,0.0,nan,nan,ESE,50.0,E,E,6.0,24.0,82.0,28.0,nan,nan,nan,nan,11.5,23.9,No,No
C29,13.5,23.8,0.0,6.2,4.0,E,17.0,E,E,6.0,7.0,69.0,58.0,1019.5,1016.1,2.0,7.0,18.8,22.7,No,No
C10,11.3,14.5,1.2,2.2,8.2,SSW,nan,S,S,24.0,19.0,65.0,58.0,1025.1,1024.3,7.0,4.0,13.3,13.8,No,No
C30,20.0,33.4,0.0,nan,nan,WNW,13.0,WSW,W,2.0,2.0,nan,nan,1012.1,1007.0,nan,nan,21.4,30.9,No,No
C46,7.8,32.5,0.0,nan,nan,ENE,43.0,NNE,WNW,24.0,22.0,34.0,13.0,nan,nan,nan,nan,21.7,31.5,No,No
C12,12.0,34.7,0.0,8.0,11.0,SSW,35.0,W,SW,22.0,26.0,69.0,68.0,1013.2,1009.8,3.0,2.0,16.7,32.5,No,No
C2,18.9,28.0,5.6,1.6,3.7,E,37.0,SSW,SSW,22.0,9.0,64.0,55.0,1005.5,1002.9,5.0,7.0,24.1,25.7,No,No
C3,9.9,25.1,0.0,2.4,10.1,NW,19.0,E,NW,7.0,4.0,56.0,29.0,1016.6,1013.3,1.0,3.0,15.8,25.0,No,No
C17,14.2,23.1,0.0,nan,nan,NE,15.0,ENE,NE,6.0,4.0,75.0,60.0,1021.7,1016.6,nan,nan,17.6,22.7,No,No
C30,3.7,15.9,0.0,nan,nan,SW,15.0,ENE,SW,0.0,7.0,69.0,67.0,1022.9,1019.0,nan,nan,9.2,15.3,No,No
C25,18.5,28.0,0.0,8.6,10.8,ENE,61.0,ENE,ENE,24.0,19.0,43.0,31.0,1005.1,1003.2,1.0,5.0,21.7,26.5,No,No
C11,12.1,29.9,0.0,4.0,11.1,NW,37.0,E,NNW,6.0,24.0,60.0,25.0,1020.6,1016.4,0.0,5.0,21.4,27.6,No,No
C2,18.8,25.5,0.0,9.2,7.9,WNW,39.0,E,W,9.0,22.0,61.0,57.0,1021.4,1019.9,7.0,7.0,23.2,24.1,No,No
C34,9.8,20.1,1.2,8.2,6.4,N,54.0,E,WNW,13.0,33.0,55.0,75.0,1005.2,1007.1,4.0,7.0,14.9,14.9,No,No
C4,9.0,23.3,0.0,nan,4.9,E,39.0,E,E,13.0,11.0,43.0,43.0,1017.4,1011.9,nan,nan,17.9,22.2,Yes,No
C45,8.3,19.5,0.0,nan,nan,WNW,28.0,NW,W,7.0,4.0,56.0,45.0,1018.2,1017.3,nan,nan,13.6,18.2,Yes,Yes
C41,11.0,29.3,0.0,4.4,9.5,NNE,54.0,NW,NNE,17.0,20.0,72.0,52.0,1023.4,1018.0,4.0,4.0,20.0,26.4,No,Yes
C30,17.9,22.8,0.0,nan,nan,S,57.0,SSW,SE,2.0,30.0,80.0,59.0,1010.0,1006.3,nan,nan,24.4,23.7,No,Yes
C20,6.6,12.3,0.0,nan,nan,ESE,44.0,S,NW,7.0,20.0,74.0,81.0,1009.5,1006.2,7.0,8.0,11.3,10.2,Yes,No
C7,13.9,25.6,0.0,4.8,11.4,WNW,43.0,NW,NW,7.0,13.0,65.0,36.0,1017.8,1017.4,1.0,1.0,18.3,24.4,No,No
C15,3.9,15.6,0.2,nan,nan,N,31.0,ENE,NNE,11.0,17.0,82.0,61.0,1017.5,1015.4,1.0,7.0,9.0,14.2,Yes,No
C42,19.3,30.5,4.8,6.0,nan,WNW,48.0,WNW,WNW,15.0,9.0,87.0,62.0,1013.9,1011.7,7.0,6.0,21.7,28.4,Yes,No
C19,17.6,22.4,0.6,nan,nan,S,30.0,SE,SSE,9.0,19.0,83.0,69.0,1021.1,1019.9,8.0,7.0,18.8,21.0,No,No
C16,11.3,24.3,0.0,nan,nan,ESE,30.0,E,ESE,15.0,15.0,74.0,37.0,1018.0,1014.8,nan,nan,17.2,23.6,Yes,Yes
C3,21.8,28.9,0.0,8.0,7.4,WSW,31.0,W,SSW,11.0,7.0,61.0,56.0,1018.1,1011.0,7.0,3.0,24.4,28.5,Yes,Yes
C10,15.2,23.3,0.4,2.6,4.3,WSW,nan,SW,WSW,20.0,11.0,72.0,62.0,993.9,989.6,6.0,4.0,21.0,21.3,No,No
C46,11.3,14.5,0.0,nan,nan,SSE,44.0,NE,ESE,26.0,9.0,76.0,52.0,nan,nan,nan,nan,13.2,10.5,No,No
C19,16.7,21.3,0.0,nan,nan,SSW,31.0,SSW,SSW,13.0,11.0,65.0,69.0,1024.8,1022.4,nan,nan,19.8,20.8,No,No
C19,10.4,18.4,0.0,nan,nan,E,31.0,SE,NW,19.0,13.0,48.0,58.0,1026.8,1023.6,nan,nan,14.2,17.0,No,No
C1,14.5,29.4,0.0,nan,nan,SE,41.0,NNE,SSE,7.0,26.0,54.0,44.0,1008.7,1009.5,nan,8.0,21.7,24.1,No,No
C39,12.0,25.5,0.0,nan,5.6,SSE,30.0,NNE,SE,17.0,17.0,25.0,26.0,1016.9,1014.2,nan,8.0,18.6,24.2,No,No
C3,6.7,20.2,0.0,4.6,9.8,S,22.0,SE,SSW,7.0,11.0,54.0,31.0,1014.1,1011.4,1.0,1.0,14.0,19.3,No,No
C28,10.5,15.6,8.2,0.8,1.6,NNW,48.0,NW,NW,28.0,26.0,96.0,52.0,1016.9,1017.7,8.0,6.0,13.7,15.5,No,Yes
C4,18.1,34.8,0.0,nan,nan,N,28.0,N,NE,0.0,9.0,36.0,24.0,1016.5,1015.5,nan,nan,24.9,32.8,Yes,No
C39,20.0,35.1,0.0,nan,12.6,NE,44.0,SSE,NE,11.0,28.0,48.0,32.0,1009.6,1006.2,0.0,nan,26.1,33.3,No,No
C45,10.4,17.4,1.4,nan,nan,SE,31.0,W,WSW,17.0,22.0,66.0,65.0,1017.1,1013.7,nan,nan,14.6,15.7,No,No
C40,18.0,30.3,0.0,11.4,8.5,WNW,48.0,SW,SE,26.0,20.0,48.0,27.0,1019.7,1017.9,1.0,2.0,23.1,28.9,No,No
C40,3.5,17.2,0.0,2.0,5.8,SSE,35.0,SSE,SE,19.0,22.0,79.0,52.0,1016.6,1009.2,7.0,3.0,7.6,16.8,No,No
C29,5.2,16.2,0.0,3.0,7.7,SE,28.0,ENE,ESE,2.0,15.0,95.0,54.0,1020.3,1018.7,7.0,6.0,10.3,15.6,No,Yes
C45,14.8,19.6,0.0,nan,nan,W,35.0,WSW,WNW,6.0,24.0,64.0,47.0,1017.2,1013.8,nan,nan,17.4,18.1,Yes,Yes
C31,11.7,24.3,0.0,4.4,11.2,ESE,54.0,SE,ENE,15.0,24.0,47.0,43.0,1021.4,1017.4,1.0,1.0,16.7,22.6,No,No
C23,6.5,19.8,0.0,nan,nan,N,19.0,NNE,N,4.0,6.0,76.0,59.0,1024.8,1020.7,nan,nan,13.3,19.1,No,No
C33,5.1,18.1,0.2,nan,nan,SSE,67.0,WSW,SW,30.0,19.0,78.0,67.0,1016.9,1011.0,nan,nan,13.4,17.1,No,No
C28,5.0,19.3,0.0,3.2,10.7,ESE,37.0,E,ENE,13.0,24.0,62.0,53.0,1024.5,1021.4,nan,nan,13.4,16.7,No,No
C38,13.0,19.9,0.0,4.2,2.0,SSE,31.0,E,SSE,11.0,7.0,59.0,55.0,1023.2,1020.7,7.0,7.0,18.0,18.7,No,No
C35,7.0,12.5,4.6,1.2,2.1,WSW,39.0,SW,SW,11.0,19.0,90.0,86.0,1020.6,1017.9,4.0,5.0,8.9,10.7,Yes,No
C37,20.5,22.8,0.0,4.4,8.5,SW,46.0,NE,WSW,22.0,6.0,49.0,20.0,1021.6,1016.6,0.0,1.0,25.2,21.0,No,No
C14,6.9,18.5,0.0,nan,nan,SSE,39.0,SSE,S,19.0,24.0,61.0,62.0,nan,nan,nan,nan,13.9,13.5,No,Yes
C8,16.6,24.0,1.6,5.8,10.6,NW,35.0,NW,NW,17.0,19.0,59.0,39.0,1019.3,1017.9,4.0,1.0,18.6,22.5,No,No
C20,7.1,15.8,0.0,nan,nan,SE,24.0,E,SE,6.0,13.0,69.0,81.0,1009.3,1008.5,7.0,8.0,12.5,14.3,No,Yes
C8,12.7,30.6,0.0,7.8,11.9,NNW,31.0,SE,E,7.0,13.0,58.0,42.0,1021.9,1018.7,1.0,0.0,22.2,29.1,No,Yes
C42,6.8,13.9,0.0,2.2,nan,SE,57.0,SW,SE,20.0,11.0,49.0,82.0,1008.6,1011.2,5.0,7.0,13.3,9.8,No,No
C13,3.4,16.1,1.2,2.6,nan,NNW,37.0,S,NNW,22.0,17.0,66.0,44.0,1018.8,1016.5,1.0,5.0,10.0,14.8,No,Yes
C29,9.6,22.7,1.0,4.0,11.0,NE,22.0,ENE,SE,7.0,7.0,56.0,50.0,1015.5,1014.6,2.0,6.0,15.0,20.6,No,No
C16,21.3,28.5,1.2,nan,nan,SE,39.0,N,SE,13.0,19.0,67.0,65.0,1012.2,1010.2,nan,nan,26.2,27.4,Yes,No
C38,11.9,18.9,0.0,4.0,11.2,S,26.0,SSE,WNW,11.0,17.0,55.0,53.0,1020.0,1017.3,4.0,1.0,17.1,17.8,No,No
C33,7.9,14.6,4.0,nan,nan,NNW,59.0,NW,SSW,20.0,28.0,76.0,61.0,1012.5,1014.7,nan,nan,9.6,12.0,No,No
C15,6.6,10.4,1.6,nan,nan,N,35.0,NNW,NW,17.0,28.0,69.0,52.0,1018.0,1015.5,8.0,8.0,8.0,9.3,Yes,Yes
C40,10.8,29.1,0.0,5.2,11.3,SE,28.0,E,SE,4.0,7.0,67.0,23.0,1022.9,1020.3,0.0,1.0,14.7,28.0,Yes,No
C10,7.0,16.5,0.0,3.4,6.6,WSW,nan,E,SW,6.0,6.0,88.0,57.0,1021.0,1018.4,7.0,5.0,9.3,15.8,No,No
C45,nan,nan,nan,nan,nan,SSW,nan,WSW,SW,nan,11.0,nan,59.0,nan,1015.1,nan,nan,nan,19.3,No,No
C36,12.0,22.8,0.0,4.4,10.0,N,59.0,N,NNE,30.0,22.0,42.0,27.0,1012.9,1010.0,3.0,6.0,16.7,21.0,No,No
C9,12.0,30.0,0.0,4.0,nan,WNW,26.0,N,W,13.0,15.0,75.0,70.0,1014.2,1011.2,nan,nan,27.6,29.0,No,No
C27,12.0,20.4,0.0,nan,nan,E,28.0,NNW,N,0.0,11.0,84.0,74.0,1024.4,1021.5,8.0,nan,16.5,19.8,Yes,No
C30,10.5,22.2,0.0,nan,nan,NE,24.0,ENE,NE,11.0,9.0,82.0,61.0,1022.3,1020.8,nan,nan,15.7,20.5,No,No
C8,17.3,22.9,0.6,7.4,4.0,NNW,37.0,N,NNW,15.0,13.0,65.0,59.0,1013.6,1013.5,8.0,6.0,18.5,21.2,No,No
C19,14.5,20.6,0.0,nan,nan,E,65.0,ESE,E,30.0,19.0,78.0,72.0,1000.7,993.5,8.0,3.0,14.6,19.4,No,Yes
C8,16.3,28.8,0.0,11.0,8.5,SE,41.0,E,SE,11.0,19.0,48.0,45.0,1017.4,1014.4,1.0,1.0,22.3,27.2,Yes,No
C45,13.0,20.9,0.0,nan,nan,W,39.0,NNW,W,9.0,28.0,58.0,64.0,1021.5,1020.0,nan,nan,18.4,20.0,No,No
C35,0.3,17.1,0.0,2.8,8.5,E,28.0,ESE,ENE,7.0,9.0,71.0,36.0,1015.2,1010.4,3.0,5.0,9.9,16.4,No,No
C12,13.6,27.1,0.0,6.4,10.7,ESE,37.0,SSW,NW,15.0,28.0,62.0,54.0,1021.1,1018.0,1.0,1.0,23.6,25.9,No,No
C21,6.8,17.4,0.0,nan,nan,E,nan,ENE,S,9.0,19.0,83.0,46.0,nan,nan,0.0,0.0,9.5,16.0,No,No
C44,10.5,13.6,8.4,nan,nan,S,57.0,S,SSE,24.0,20.0,86.0,88.0,999.2,999.0,nan,nan,11.4,11.6,No,No
C5,5.8,15.0,0.0,1.6,6.4,SSW,33.0,S,SW,20.0,9.0,76.0,40.0,1018.0,1015.5,7.0,7.0,7.5,14.3,No,No
C43,9.1,14.7,0.0,0.0,4.7,N,28.0,SE,E,7.0,9.0,86.0,52.0,1021.5,1022.5,nan,nan,12.5,13.7,Yes,Yes
C28,5.7,12.2,4.0,0.8,5.1,NW,31.0,E,W,7.0,17.0,76.0,52.0,1022.3,1022.4,7.0,6.0,9.9,11.1,No,Yes
C28,11.6,17.0,0.0,1.2,3.8,S,43.0,S,S,15.0,15.0,70.0,58.0,1026.2,1022.4,7.0,7.0,12.3,15.7,No,No
C12,11.5,25.0,0.0,5.2,nan,SSE,35.0,SW,SE,9.0,30.0,69.0,37.0,1019.6,1016.0,nan,nan,19.0,24.1,No,No
C6,12.0,33.3,0.0,6.6,9.1,NNW,30.0,N,NW,2.0,11.0,77.0,72.0,1011.8,1009.3,3.0,4.0,16.7,29.6,No,No
C44,13.5,21.0,0.0,nan,nan,WSW,41.0,SW,SW,17.0,15.0,61.0,50.0,1021.3,1019.3,nan,nan,16.7,20.0,Yes,No
C38,13.2,20.5,0.0,4.4,nan,SW,39.0,SW,WSW,15.0,17.0,48.0,47.0,1024.7,1021.4,8.0,nan,18.8,19.2,No,No
C42,5.5,16.9,0.0,1.4,nan,SE,30.0,E,NE,7.0,15.0,83.0,50.0,1026.4,1025.0,3.0,7.0,11.0,15.6,No,No
C31,14.7,30.1,0.0,8.2,10.8,SSW,56.0,SSW,SSW,13.0,17.0,49.0,19.0,1024.0,1020.3,0.0,0.0,19.6,30.1,No,No
C28,14.0,19.9,0.2,6.0,3.0,E,31.0,ESE,ENE,13.0,17.0,69.0,76.0,1017.7,1020.1,8.0,8.0,15.9,18.2,Yes,Yes
C32,8.2,18.3,0.0,0.4,7.9,ENE,24.0,NNE,ESE,9.0,9.0,66.0,48.0,1018.0,1026.0,3.0,5.0,13.6,17.7,No,No
C18,12.4,22.9,0.0,3.2,9.8,SSW,37.0,ENE,NNW,19.0,15.0,53.0,38.0,1024.7,1020.7,6.0,5.0,15.0,21.0,No,Yes
C30,19.2,26.7,0.0,nan,nan,S,17.0,SSW,SSW,2.0,6.0,85.0,74.0,1020.7,1018.2,nan,nan,21.8,25.5,Yes,Yes
C45,12.4,15.0,2.4,nan,nan,SE,31.0,E,NE,11.0,19.0,92.0,80.0,1025.4,1023.8,nan,nan,13.7,14.9,No,No
C11,1.4,24.6,0.0,4.0,10.5,SE,30.0,ESE,SE,7.0,17.0,36.0,7.0,1021.2,1017.0,0.0,0.0,12.4,24.1,No,Yes
C29,10.7,23.0,1.0,5.2,10.3,ENE,33.0,SE,NE,4.0,19.0,74.0,58.0,1024.0,1020.7,7.0,1.0,15.9,22.2,Yes,Yes
C9,12.0,30.7,nan,nan,nan,W,31.0,WSW,SW,15.0,24.0,75.0,60.0,1015.7,1012.2,nan,nan,27.2,30.0,No,No
C40,21.9,22.8,0.0,4.4,11.5,SSE,39.0,ESE,SSE,13.0,33.0,15.0,10.0,1009.7,1004.3,1.0,4.0,16.7,21.0,No,No
C7,15.1,25.9,0.0,5.8,11.1,WNW,50.0,W,W,26.0,30.0,57.0,37.0,1016.1,1015.4,6.0,3.0,18.3,25.4,No,No
C16,18.6,25.2,0.0,nan,nan,NNW,50.0,NE,NNW,13.0,31.0,60.0,76.0,1018.0,1017.4,nan,nan,22.0,21.0,No,No
C17,7.9,23.6,0.2,nan,nan,WSW,30.0,N,W,2.0,11.0,83.0,48.0,1025.0,1024.7,nan,nan,12.2,23.1,No,No
C5,16.4,35.6,0.0,7.4,8.5,WSW,65.0,E,NNW,13.0,11.0,42.0,17.0,1017.3,1013.9,nan,nan,24.2,21.0,No,No
C19,18.3,22.6,0.0,nan,nan,SSE,41.0,S,SSE,11.0,13.0,68.0,82.0,1023.6,1022.3,7.0,2.0,21.2,21.1,No,No
C37,9.1,18.9,0.0,4.2,0.6,NW,52.0,W,NW,22.0,28.0,60.0,75.0,1023.8,1020.1,7.0,7.0,15.2,16.4,Yes,No
C24,8.8,22.5,0.0,4.0,3.0,S,31.0,SE,SE,24.0,9.0,73.0,61.0,1018.0,1015.6,4.0,7.0,15.3,19.2,No,No
C9,19.7,29.3,0.0,6.8,10.7,SE,26.0,S,SSE,6.0,15.0,69.0,68.0,1014.7,1011.1,2.0,1.0,25.5,28.6,No,No
C28,4.1,12.1,1.0,0.8,3.3,NNE,17.0,S,ENE,7.0,9.0,78.0,63.0,1018.0,1015.5,8.0,7.0,7.0,10.1,No,No
C23,7.7,12.7,0.2,nan,nan,E,33.0,SE,SE,2.0,17.0,87.0,52.0,1018.9,1014.0,nan,nan,11.0,12.5,No,No
C42,8.2,18.8,0.0,3.0,nan,SSE,39.0,SE,E,19.0,19.0,56.0,37.0,1019.3,1016.3,6.0,7.0,12.9,17.4,No,No
C13,-0.4,14.8,0.0,0.8,nan,SSW,33.0,E,SSW,13.0,20.0,85.0,49.0,1018.0,1015.5,0.0,1.0,8.4,14.2,No,No
C44,12.2,23.1,0.0,nan,nan,SSW,43.0,SSW,W,13.0,24.0,55.0,51.0,1026.4,1022.3,nan,nan,18.3,21.5,Yes,No
C19,12.5,18.5,0.0,nan,nan,S,52.0,SSE,E,20.0,26.0,72.0,69.0,1021.3,1019.2,1.0,8.0,16.8,17.0,No,No
C38,20.6,23.3,0.2,2.6,2.1,S,57.0,SSW,SW,13.0,33.0,79.0,81.0,1019.2,1017.8,8.0,8.0,21.8,22.0,Yes,No
C44,9.9,15.1,0.0,nan,nan,ESE,48.0,SSE,ESE,11.0,20.0,77.0,69.0,1025.1,1023.7,nan,nan,12.5,13.9,No,No
C32,7.3,26.6,0.0,3.5,10.1,W,31.0,NNW,W,6.0,9.0,73.0,29.0,1025.1,1023.1,0.0,2.0,15.5,24.7,No,No
C16,9.1,20.1,0.0,nan,nan,WNW,30.0,N,NNW,9.0,11.0,34.0,36.0,1020.7,1018.2,nan,nan,15.9,19.1,No,Yes
C38,21.0,25.8,0.0,5.6,10.2,N,41.0,NNE,NNW,19.0,24.0,79.0,76.0,1016.6,1016.6,3.0,4.0,23.9,24.5,No,No
C43,4.4,16.9,1.2,2.0,5.0,NW,30.0,NNE,N,0.0,24.0,69.0,85.0,1013.1,1011.4,nan,nan,7.3,14.4,No,Yes
C36,16.8,25.6,0.0,2.6,nan,ENE,20.0,NNE,E,0.0,7.0,93.0,53.0,1021.5,1018.2,8.0,1.0,18.8,25.1,Yes,Yes
C22,12.0,28.0,0.2,nan,nan,W,22.0,S,WSW,0.0,6.0,98.0,82.0,nan,nan,nan,nan,23.0,26.9,No,No
C15,19.3,31.1,3.0,nan,nan,NNW,61.0,NW,WSW,30.0,19.0,88.0,73.0,1004.1,1002.1,8.0,8.0,24.6,24.6,No,No
C33,19.2,22.8,0.0,nan,nan,NW,52.0,SW,NNW,24.0,26.0,27.0,23.0,1017.0,1015.4,nan,nan,16.7,21.0,No,No
C16,21.9,29.4,0.0,nan,nan,N,30.0,NNE,WNW,24.0,20.0,57.0,52.0,1016.7,1013.8,nan,nan,26.7,27.8,No,Yes
C2,16.6,23.0,8.6,2.6,2.3,SE,52.0,WNW,WNW,20.0,17.0,79.0,52.0,1020.6,1016.5,7.0,7.0,21.7,19.0,No,No
C28,2.5,12.4,1.0,0.6,1.4,W,nan,W,W,13.0,26.0,85.0,64.0,1021.5,1018.2,7.0,7.0,5.6,10.8,No,No
C32,5.2,11.3,2.2,1.8,3.5,SSW,46.0,ESE,NNW,13.0,20.0,69.0,74.0,1027.8,1024.7,8.0,7.0,6.6,10.1,Yes,No
C33,7.9,24.1,0.0,nan,nan,WNW,28.0,NNW,W,0.0,17.0,69.0,66.0,1019.9,1017.5,nan,nan,15.0,21.0,No,No
C46,6.0,22.5,0.0,nan,nan,SE,39.0,E,NW,20.0,24.0,51.0,45.0,nan,nan,nan,nan,18.9,20.6,No,No
C34,16.8,22.8,0.0,4.4,10.6,SSW,39.0,S,WSW,13.0,28.0,20.0,8.0,1014.3,1011.8,6.0,7.0,25.1,21.0,Yes,No
C17,1.8,18.1,0.0,nan,nan,NNE,33.0,E,NE,2.0,19.0,70.0,59.0,nan,nan,nan,1.0,9.6,16.9,No,No
C11,9.0,15.1,7.0,1.6,0.1,SE,41.0,NNE,N,20.0,22.0,79.0,68.0,1022.2,1018.5,7.0,8.0,11.4,13.2,No,No
C19,13.8,22.3,0.0,nan,nan,SW,39.0,WSW,SW,11.0,33.0,47.0,41.0,1018.9,1011.8,nan,6.0,18.4,21.3,Yes,No
C13,10.6,25.8,0.0,4.9,nan,SSE,44.0,ESE,E,26.0,19.0,60.0,29.0,1012.5,1010.6,nan,nan,16.7,24.2,No,No
C2,8.0,19.9,0.0,2.2,9.4,WSW,nan,NNW,SSE,9.0,11.0,66.0,37.0,1021.1,1019.2,2.0,1.0,10.2,19.5,No,No
C24,6.5,21.3,0.0,3.6,8.4,E,37.0,E,E,11.0,17.0,52.0,32.0,1014.6,1010.5,0.0,6.0,15.7,20.3,No,No
C9,17.5,27.7,0.0,6.6,10.7,E,39.0,E,ENE,15.0,26.0,61.0,52.0,1018.9,1015.3,2.0,2.0,23.5,26.3,No,No
C2,10.5,18.9,0.0,8.0,10.2,NNW,nan,N,N,28.0,26.0,40.0,29.0,1017.9,1016.9,1.0,1.0,12.7,18.5,No,No
C8,10.5,19.6,8.6,3.8,6.9,SSW,39.0,S,S,2.0,15.0,80.0,56.0,1017.0,1018.8,3.0,4.0,15.7,19.4,No,No
C21,14.0,31.2,0.0,nan,nan,N,nan,N,SE,2.0,4.0,88.0,34.0,nan,nan,6.0,0.0,19.2,31.0,No,Yes
C10,9.9,17.5,0.0,5.6,nan,SW,nan,ESE,SW,9.0,nan,79.0,nan,1018.1,1013.9,5.0,nan,12.3,nan,No,No
C18,10.7,17.1,2.6,8.2,0.4,SE,39.0,SE,ESE,9.0,20.0,64.0,51.0,1024.0,1022.0,8.0,8.0,13.9,15.6,No,No
C37,17.1,27.9,2.8,6.2,5.7,ENE,37.0,ENE,NE,11.0,7.0,79.0,45.0,1017.7,1014.9,6.0,5.0,19.7,26.2,No,No
C23,0.8,12.7,0.2,nan,nan,SSW,nan,SSE,S,0.0,9.0,69.0,82.0,1025.7,1023.0,nan,nan,5.2,9.9,No,No
C4,14.4,30.8,0.0,nan,8.5,WNW,37.0,W,WNW,6.0,22.0,28.0,30.0,1016.4,1015.6,nan,nan,23.7,28.5,Yes,No
C40,3.8,20.5,0.0,5.0,11.2,WNW,41.0,N,NNW,0.0,20.0,71.0,32.0,1020.6,1019.4,2.0,2.0,11.7,19.4,Yes,No
C43,13.2,20.8,0.8,7.2,6.6,WSW,52.0,W,SW,20.0,28.0,77.0,75.0,1017.2,1017.6,nan,nan,17.0,17.4,No,No
C21,21.2,23.8,0.0,nan,nan,SE,nan,SSE,SE,11.0,15.0,74.0,77.0,nan,nan,8.0,8.0,22.4,21.6,Yes,No
C10,18.2,22.6,0.4,4.4,5.8,SE,nan,ENE,SSW,nan,0.0,86.0,79.0,1008.7,1007.4,6.0,6.0,21.0,21.9,No,Yes
C10,16.3,21.0,0.0,5.2,12.5,ENE,nan,E,NE,11.0,28.0,58.0,57.0,1028.2,1025.9,2.0,1.0,19.6,20.1,No,No
C41,13.5,18.7,0.0,1.2,4.4,NNE,nan,NE,N,9.0,9.0,94.0,74.0,1019.8,1018.0,4.0,nan,15.4,18.0,No,No
C30,11.7,21.3,0.2,nan,nan,S,31.0,S,S,19.0,17.0,73.0,60.0,1021.2,1019.5,nan,nan,17.8,20.1,Yes,No
C11,3.5,19.2,0.0,3.2,10.5,S,35.0,SSW,SSW,9.0,17.0,33.0,20.0,1022.4,1019.1,0.0,0.0,12.0,18.4,Yes,Yes
C7,11.5,18.7,0.0,4.0,6.4,SE,37.0,NW,SE,11.0,20.0,59.0,76.0,1009.0,1009.2,nan,nan,15.5,14.7,No,No
C26,15.3,22.8,0.0,7.5,nan,WNW,17.0,NNE,NNW,0.0,4.0,70.0,22.0,1015.0,1010.8,nan,nan,22.1,21.0,No,No
C15,11.9,23.3,5.8,nan,nan,N,28.0,NW,NW,6.0,9.0,69.0,60.0,1015.4,1015.1,6.0,8.0,15.7,20.2,Yes,Yes
C12,12.0,30.4,0.0,4.6,10.4,ENE,33.0,WNW,ENE,19.0,20.0,64.0,59.0,1013.5,1009.3,5.0,1.0,26.1,28.2,No,No
C19,15.7,27.7,0.0,nan,nan,ESE,33.0,SE,ESE,9.0,11.0,81.0,73.0,1013.2,1007.9,nan,nan,20.0,22.8,Yes,Yes
C3,13.4,24.4,0.0,3.6,9.5,N,30.0,WNW,WNW,11.0,19.0,66.0,45.0,1027.4,1024.2,3.0,2.0,19.4,22.5,No,No
C35,12.4,23.2,0.0,7.0,12.5,SE,46.0,SSE,ESE,2.0,31.0,77.0,64.0,1017.2,1015.4,2.0,5.0,16.5,22.3,No,No
C43,8.5,12.5,1.8,1.8,1.7,SE,30.0,E,SE,9.0,13.0,77.0,68.0,1021.9,1021.7,nan,nan,9.7,11.8,No,Yes
C46,12.9,27.5,3.6,nan,nan,WNW,39.0,N,WNW,13.0,19.0,88.0,52.0,nan,nan,nan,nan,18.2,14.1,No,No
C26,7.0,19.4,0.0,4.6,nan,NE,28.0,SE,N,11.0,19.0,53.0,47.0,1022.6,1017.5,nan,nan,13.8,17.2,No,No
C8,12.3,23.2,0.0,4.0,10.3,ESE,30.0,SE,SSE,11.0,15.0,62.0,33.0,1018.0,1015.5,1.0,0.0,16.1,22.3,No,No
C27,20.9,26.4,2.0,nan,nan,E,41.0,ENE,ESE,13.0,26.0,83.0,83.0,1010.0,1005.9,nan,nan,22.9,24.2,No,Yes
C24,13.8,27.8,0.0,6.6,8.5,NW,28.0,NNW,NW,17.0,15.0,69.0,36.0,1011.9,1010.8,0.0,0.0,18.2,25.8,No,No
C28,4.8,11.5,0.0,0.8,0.8,SE,35.0,NW,NE,7.0,17.0,91.0,83.0,1021.8,1015.8,nan,nan,6.8,11.1,Yes,Yes
C28,13.8,24.4,0.0,5.6,12.8,SE,41.0,E,NE,19.0,17.0,87.0,69.0,1014.4,1011.8,8.0,nan,16.7,22.9,No,No
C15,4.3,30.2,0.0,nan,nan,SSE,43.0,S,SSE,7.0,17.0,47.0,12.0,1013.5,1012.9,nan,nan,18.3,28.8,No,No
C28,8.5,19.6,0.0,3.2,4.4,SE,31.0,WNW,NW,11.0,15.0,88.0,58.0,1003.4,1003.2,6.0,8.0,12.1,16.7,No,Yes
C47,19.0,31.5,0.0,8.0,nan,SSW,41.0,SSW,NE,22.0,24.0,45.0,nan,1017.3,1013.9,0.0,nan,23.5,nan,No,No
C42,7.5,21.8,0.0,nan,nan,ESE,22.0,SE,ESE,15.0,4.0,49.0,29.0,1024.7,1020.8,nan,nan,13.2,21.2,No,Yes
C16,18.7,24.7,0.2,nan,nan,ENE,63.0,E,NW,19.0,19.0,83.0,74.0,1015.9,1010.2,nan,nan,21.1,22.7,No,No
C2,20.2,24.7,0.2,4.4,4.6,WNW,31.0,WNW,NE,20.0,20.0,60.0,54.0,1023.2,1021.0,5.0,7.0,22.4,23.5,No,No
C23,3.7,24.6,0.0,nan,nan,NW,30.0,NNW,NW,2.0,7.0,67.0,28.0,1013.4,1011.2,nan,nan,9.5,23.0,Yes,Yes
C40,10.7,15.6,0.0,nan,nan,SSE,57.0,SW,SW,22.0,19.0,84.0,48.0,1002.0,1001.8,8.0,2.0,12.2,14.8,No,Yes
C18,17.0,22.8,0.0,10.2,11.2,SSE,39.0,SW,ESE,28.0,19.0,19.0,10.0,1008.5,1007.1,8.0,6.0,16.7,21.0,No,No
C34,18.7,22.8,1.4,2.4,7.0,SSE,39.0,SSE,N,13.0,19.0,46.0,29.0,1002.9,999.5,7.0,4.0,27.2,21.0,Yes,Yes
C31,15.3,30.0,0.0,10.6,11.5,WSW,56.0,ENE,W,13.0,17.0,41.0,16.0,1015.2,1009.9,5.0,1.0,19.4,29.1,No,No
C12,11.7,26.0,0.0,5.0,10.2,SE,35.0,NE,NW,19.0,24.0,60.0,49.0,1021.3,1018.7,1.0,5.0,22.7,25.0,No,No
C33,9.2,16.0,5.2,nan,nan,WSW,35.0,W,WSW,13.0,17.0,66.0,69.0,1019.4,1019.3,nan,nan,14.2,14.3,No,No
C11,15.0,22.8,0.0,4.4,13.0,E,35.0,SE,ESE,11.0,11.0,13.0,10.0,1016.3,1011.8,1.0,1.0,16.7,21.0,No,No
C15,9.0,24.7,0.0,nan,nan,W,43.0,NW,WNW,11.0,24.0,51.0,26.0,1023.5,1019.7,1.0,nan,15.7,24.0,Yes,No
C6,12.0,30.4,0.0,7.4,0.3,SSW,31.0,SSW,ESE,17.0,11.0,75.0,84.0,1009.3,1007.6,7.0,7.0,16.7,27.9,No,No
C38,17.2,21.8,0.2,1.0,9.8,ESE,nan,SE,E,19.0,20.0,65.0,57.0,1014.0,1013.2,2.0,2.0,20.6,20.6,No,No
C31,10.3,23.8,1.8,3.8,9.7,WSW,30.0,W,W,15.0,15.0,57.0,37.0,1023.9,1020.1,5.0,1.0,16.1,23.1,Yes,No
C42,3.8,18.1,0.2,nan,nan,N,24.0,ENE,N,13.0,11.0,78.0,50.0,1018.0,1015.5,nan,nan,8.7,17.9,No,Yes
C15,11.0,18.4,0.0,nan,nan,E,37.0,ESE,ESE,15.0,24.0,86.0,83.0,1022.0,1021.4,6.0,8.0,14.2,14.5,No,No
C46,-4.4,15.0,0.0,nan,nan,S,37.0,SSW,NNW,15.0,9.0,74.0,39.0,nan,nan,nan,nan,9.1,14.4,No,No
C5,6.9,13.4,2.4,3.0,0.5,SW,48.0,WSW,WSW,13.0,26.0,80.0,72.0,1010.2,1011.9,7.0,7.0,8.9,11.4,No,No
C1,10.7,23.7,0.0,4.4,nan,ESE,nan,E,SE,nan,nan,78.0,36.0,nan,nan,nan,nan,14.4,22.5,No,No
C39,8.8,25.9,0.0,nan,8.5,SSE,50.0,E,SE,7.0,33.0,54.0,50.0,1008.8,1007.9,nan,1.0,20.3,21.6,No,No
C9,20.0,29.8,0.0,7.2,10.0,E,39.0,SSW,ENE,17.0,26.0,65.0,54.0,1018.5,1015.5,2.0,2.0,25.5,27.7,No,No
C15,nan,21.6,nan,nan,nan,NNW,67.0,NNW,NW,13.0,19.0,86.0,66.0,1000.1,1004.8,4.0,8.0,19.7,20.2,No,Yes
C11,22.1,34.1,0.0,6.6,9.6,SSE,39.0,E,S,17.0,15.0,49.0,35.0,1006.1,1002.7,7.0,6.0,27.4,32.9,No,No
C43,7.3,13.7,0.0,2.6,2.0,WSW,46.0,WSW,SW,15.0,19.0,83.0,70.0,1021.2,1017.8,nan,nan,8.1,13.2,Yes,No
C2,11.9,23.9,0.0,5.6,8.7,SE,52.0,WNW,SSE,20.0,17.0,48.0,30.0,1011.9,1008.0,5.0,5.0,16.4,22.1,No,No
C38,20.2,22.4,4.0,7.0,7.0,ESE,52.0,SSE,SSW,13.0,30.0,74.0,62.0,1011.2,1011.1,5.0,6.0,21.3,20.8,No,No
C43,10.8,13.4,1.6,1.8,4.9,S,39.0,S,S,19.0,28.0,nan,nan,1013.5,1014.8,nan,nan,11.6,9.1,No,No
C3,20.5,31.0,0.0,nan,1.9,SW,24.0,ESE,W,7.0,6.0,50.0,35.0,1014.4,1010.1,7.0,7.0,23.0,29.6,Yes,No
C26,11.4,16.2,0.0,3.0,nan,NE,19.0,ENE,NE,0.0,6.0,86.0,76.0,1017.0,1013.9,nan,nan,12.9,15.5,No,No
C34,9.6,12.8,0.0,2.8,0.1,ESE,59.0,WSW,ESE,13.0,13.0,85.0,88.0,1011.6,1007.9,8.0,8.0,10.6,11.7,No,No
C7,10.1,20.7,0.0,7.6,12.9,SE,39.0,SE,ESE,9.0,26.0,64.0,64.0,1018.1,1015.5,1.0,1.0,16.6,19.0,No,No
C36,8.7,26.1,0.0,8.4,11.0,NE,35.0,E,NE,9.0,17.0,53.0,20.0,1026.0,1020.9,0.0,0.0,15.7,25.2,No,No
C21,16.5,25.0,0.4,nan,nan,SSW,nan,WNW,SW,4.0,19.0,61.0,45.0,nan,nan,7.0,4.0,21.8,23.5,No,No
C28,14.0,20.5,0.0,2.6,6.3,NW,30.0,W,NNE,15.0,13.0,87.0,68.0,1010.8,1010.4,8.0,2.0,15.4,19.1,No,Yes
C41,21.7,28.7,0.0,6.8,4.6,NW,52.0,WSW,NW,15.0,30.0,91.0,77.0,1012.4,1009.5,7.0,7.0,24.8,26.4,No,No
C4,15.9,33.0,0.0,7.6,10.2,W,43.0,NNW,W,17.0,15.0,35.0,26.0,1019.0,1016.2,nan,nan,23.9,31.4,No,No
C37,11.5,28.4,0.0,8.0,12.0,WSW,37.0,NNW,SW,20.0,11.0,50.0,26.0,1020.4,1017.4,3.0,6.0,19.3,26.7,Yes,No
C18,6.1,14.7,3.2,nan,nan,ESE,39.0,ESE,SE,15.0,17.0,69.0,52.0,1000.1,1001.9,7.0,5.0,9.2,11.7,No,Yes
C33,15.4,18.0,0.0,nan,nan,ENE,59.0,ENE,SE,22.0,20.0,82.0,52.0,1008.0,1003.5,nan,nan,17.5,17.3,No,No
C23,1.3,24.2,0.0,nan,nan,WNW,41.0,WNW,W,2.0,22.0,77.0,30.0,1025.0,1021.0,nan,nan,10.0,22.8,No,No
C11,0.2,14.7,0.0,3.2,3.5,E,28.0,E,E,7.0,9.0,60.0,44.0,1027.0,1023.4,4.0,7.0,6.6,13.3,No,No
C41,12.7,22.1,3.8,3.2,11.9,WNW,33.0,NNE,WNW,7.0,22.0,64.0,53.0,1021.0,1017.9,5.0,6.0,19.7,21.9,No,Yes
C2,16.6,23.8,0.0,4.4,12.9,WNW,nan,NW,WNW,6.0,26.0,65.0,65.0,1011.1,1007.2,1.0,1.0,20.8,23.4,Yes,No
C23,-0.5,15.2,0.0,nan,nan,NW,33.0,E,NW,7.0,20.0,53.0,49.0,1020.8,1017.2,nan,nan,8.4,14.4,No,No
C8,20.0,34.1,0.0,8.8,12.2,NNE,37.0,E,SE,17.0,11.0,51.0,33.0,1017.1,1013.1,1.0,1.0,24.1,33.1,No,No
C21,9.6,22.2,0.0,nan,nan,SE,nan,WSW,ENE,2.0,0.0,97.0,68.0,nan,nan,8.0,6.0,13.2,21.6,No,No
C28,4.2,10.9,2.4,1.2,5.0,N,57.0,NNE,NNW,13.0,30.0,96.0,52.0,1022.8,1018.2,6.0,8.0,5.3,9.8,No,No
C15,8.0,34.6,0.0,nan,nan,NNW,56.0,N,WNW,20.0,31.0,38.0,16.0,1011.4,1008.4,4.0,3.0,20.7,31.9,No,Yes
C41,9.5,17.6,3.6,3.2,4.6,E,39.0,ESE,E,13.0,19.0,45.0,43.0,1012.0,1011.5,7.0,5.0,12.8,17.1,No,No
C8,7.8,23.8,0.0,2.6,9.5,ESE,24.0,ESE,NE,6.0,9.0,69.0,43.0,1018.0,1015.5,0.0,0.0,16.7,23.4,No,No
C47,12.0,22.8,0.0,4.0,nan,ESE,33.0,ESE,NW,4.0,11.0,76.0,nan,1011.1,1007.9,0.0,nan,16.7,nan,No,No
C5,nan,nan,nan,2.0,6.5,SSE,43.0,S,ESE,7.0,20.0,nan,nan,nan,nan,nan,nan,nan,nan,Yes,No
C33,10.2,20.2,5.8,nan,nan,S,30.0,SSW,S,13.0,15.0,60.0,60.0,1022.8,1021.7,nan,nan,16.5,18.1,No,No
C40,10.6,24.0,0.0,4.0,11.5,SE,31.0,SSE,ESE,17.0,15.0,54.0,37.0,1020.5,1018.6,2.0,3.0,16.7,23.1,No,No
C16,14.9,21.3,0.0,nan,nan,E,39.0,SW,NE,13.0,19.0,86.0,79.0,1008.3,1005.9,nan,nan,18.8,21.1,No,No
C15,1.9,15.9,0.0,nan,nan,E,41.0,E,E,9.0,30.0,74.0,40.0,1019.1,1013.7,nan,nan,8.9,15.0,Yes,Yes
C31,5.9,23.4,0.0,6.0,11.4,WSW,50.0,NW,SSW,15.0,28.0,46.0,38.0,1018.7,1015.8,0.0,1.0,17.0,21.6,No,No
C11,6.1,23.2,0.0,4.4,10.1,WNW,41.0,NNE,SW,17.0,19.0,42.0,14.0,1020.2,1015.0,1.0,0.0,14.2,22.5,No,Yes
C9,21.4,28.3,2.0,3.6,6.0,SE,33.0,SSW,WSW,15.0,22.0,71.0,69.0,1012.4,1009.8,6.0,3.0,24.5,26.5,Yes,No
C12,12.0,31.8,0.0,4.4,2.1,E,43.0,E,NNE,20.0,30.0,52.0,43.0,1011.1,1008.1,7.0,7.0,16.7,31.4,No,No
C16,21.6,30.0,0.0,nan,nan,NE,39.0,NNE,NE,17.0,28.0,78.0,73.0,1006.4,1002.7,nan,nan,26.2,27.0,No,No
C47,12.0,22.8,0.0,8.0,nan,S,31.0,SW,SSE,15.0,13.0,58.0,nan,1011.4,1006.1,0.0,nan,16.7,nan,No,No
C41,14.9,21.6,8.8,1.0,nan,SE,31.0,E,W,20.0,9.0,83.0,73.0,1012.2,1009.8,2.0,4.0,17.9,20.3,No,No
C7,6.2,17.2,4.0,0.2,6.8,N,65.0,N,NNW,24.0,33.0,66.0,42.0,1012.9,1007.4,nan,nan,8.8,15.7,No,No
C37,20.5,22.8,0.0,4.4,8.5,SE,43.0,SSW,ESE,30.0,11.0,48.0,24.0,1015.5,1011.4,0.0,1.0,24.4,33.2,Yes,Yes
C18,15.7,23.0,0.0,7.8,6.1,SE,44.0,WSW,ESE,13.0,22.0,74.0,58.0,1015.3,1016.1,7.0,7.0,18.3,20.6,Yes,No
C42,19.3,25.5,0.6,2.2,nan,WNW,28.0,WSW,W,13.0,9.0,83.0,44.0,1014.2,1012.4,7.0,7.0,20.0,24.9,Yes,Yes
C18,7.7,16.7,0.0,1.4,7.6,NW,31.0,NW,WNW,22.0,20.0,80.0,66.0,1018.0,1015.5,7.0,3.0,12.4,15.4,Yes,No
C21,10.2,21.2,0.0,nan,nan,SE,nan,SSE,SE,0.0,0.0,82.0,52.0,nan,nan,6.0,7.0,14.4,16.5,Yes,Yes
C29,0.1,14.6,0.0,2.4,8.8,N,15.0,N,N,7.0,6.0,69.0,53.0,1026.1,1023.0,3.0,6.0,2.6,14.0,No,Yes
C28,8.7,15.2,0.2,2.8,1.4,E,35.0,ESE,ESE,13.0,22.0,83.0,64.0,1028.4,1015.5,8.0,7.0,10.7,14.4,Yes,Yes
C17,-2.9,11.4,0.0,nan,nan,NW,15.0,NW,NW,0.0,9.0,83.0,47.0,nan,nan,nan,1.0,1.4,10.9,No,Yes
C5,nan,nan,nan,5.8,9.7,SE,54.0,SSW,N,13.0,28.0,nan,nan,nan,nan,nan,nan,nan,nan,Yes,No
C24,15.1,21.3,0.0,nan,3.6,WNW,39.0,ENE,NW,20.0,22.0,85.0,65.0,1013.9,1012.8,8.0,7.0,17.3,20.6,No,Yes
C31,10.3,25.2,0.0,5.2,8.1,W,50.0,NW,W,7.0,30.0,75.0,53.0,1013.1,1011.3,7.0,3.0,18.0,24.0,No,No
C40,16.2,28.6,0.0,6.4,8.5,ESE,33.0,ESE,E,20.0,11.0,52.0,38.0,1024.2,1021.1,1.0,7.0,22.0,26.8,Yes,Yes
C8,16.4,24.7,0.0,5.8,9.0,W,35.0,WNW,WNW,13.0,15.0,72.0,71.0,1013.9,1013.0,2.0,5.0,22.1,21.7,No,Yes
C17,4.0,12.5,8.8,nan,nan,SSE,35.0,S,SSE,0.0,17.0,98.0,80.0,nan,nan,7.0,8.0,8.1,11.1,No,No
C27,11.2,21.6,0.0,nan,nan,SSW,33.0,WNW,S,13.0,20.0,44.0,57.0,1016.9,1013.3,nan,1.0,18.7,19.9,No,No
C28,12.2,19.8,0.0,7.6,10.9,NE,35.0,SE,NNE,17.0,19.0,66.0,57.0,1012.6,1012.4,5.0,5.0,15.9,18.5,No,No
C9,21.5,28.9,0.0,4.2,10.7,NE,35.0,SSW,NW,20.0,24.0,63.0,54.0,1019.0,1015.2,1.0,1.0,25.4,28.0,No,No
C17,9.8,14.4,6.4,nan,nan,ENE,28.0,ENE,NE,9.0,11.0,97.0,52.0,nan,nan,8.0,8.0,12.8,14.1,No,No
C5,9.9,16.2,nan,1.0,3.0,SE,31.0,SSE,S,22.0,13.0,79.0,43.0,1018.4,1016.6,nan,nan,11.2,15.4,No,No
C9,17.3,27.4,0.0,3.6,9.9,NE,30.0,ENE,SE,17.0,20.0,77.0,56.0,1013.7,1011.1,2.0,2.0,22.3,26.5,No,No
C41,8.8,18.3,2.2,5.2,2.8,WSW,31.0,W,SSE,13.0,15.0,91.0,85.0,1027.7,1025.1,7.0,8.0,13.0,16.8,No,Yes
C2,17.5,22.9,0.0,5.0,11.1,SSE,nan,SW,SE,7.0,22.0,66.0,70.0,1019.9,1014.7,3.0,1.0,21.3,21.6,Yes,Yes
C37,17.5,29.9,0.0,7.0,8.8,NW,33.0,NW,WSW,11.0,17.0,75.0,33.0,1017.0,1012.4,6.0,2.0,20.9,29.2,Yes,Yes
C7,7.1,17.4,0.0,3.4,5.2,SSW,46.0,SSW,SSW,11.0,15.0,70.0,37.0,1011.1,1006.8,nan,nan,12.5,16.4,No,No
C19,17.1,22.2,0.4,nan,nan,NNE,37.0,N,WNW,19.0,15.0,84.0,80.0,1018.2,1015.9,nan,nan,20.5,21.1,No,No
C32,12.2,23.1,3.2,3.0,7.4,ENE,33.0,ESE,ESE,6.0,15.0,65.0,41.0,1013.2,1012.3,4.0,nan,15.4,21.9,No,No
C33,19.1,21.8,1.8,nan,nan,SE,39.0,SSE,SE,9.0,20.0,69.0,52.0,1011.1,1006.6,nan,nan,19.9,20.3,No,No
C5,nan,nan,nan,5.0,7.9,SE,33.0,SE,S,11.0,6.0,nan,nan,nan,nan,nan,nan,nan,nan,No,No
C2,18.3,23.1,2.0,7.6,0.9,E,44.0,SSE,ENE,22.0,22.0,75.0,55.0,1024.7,1025.3,7.0,6.0,19.6,21.7,No,No
C2,20.3,28.8,0.0,7.8,10.7,SW,50.0,WSW,SW,13.0,30.0,59.0,52.0,1021.1,1018.9,7.0,7.0,25.1,28.1,No,No
C32,6.6,13.5,0.6,4.4,7.6,S,35.0,SSW,S,9.0,19.0,97.0,48.0,1024.6,1024.1,6.0,5.0,8.6,12.9,No,No
C33,9.5,17.8,0.0,nan,nan,SE,61.0,SSE,S,24.0,15.0,69.0,52.0,1014.0,1010.4,nan,nan,16.2,15.9,No,No
C22,20.2,34.1,0.0,nan,nan,SE,52.0,S,SSE,4.0,30.0,38.0,19.0,nan,nan,nan,nan,16.7,32.8,No,No
C42,6.6,19.8,0.0,3.2,nan,SE,37.0,NNW,WNW,7.0,13.0,61.0,40.0,1021.1,1019.2,8.0,7.0,10.6,18.9,No,Yes
C25,20.8,34.2,0.0,9.6,11.6,N,52.0,SW,SSE,13.0,28.0,69.0,41.0,1017.8,1014.2,1.0,1.0,24.3,32.6,No,No
C42,12.8,32.1,0.0,10.4,nan,SSW,26.0,SW,SSW,15.0,9.0,12.0,7.0,1020.0,1016.8,1.0,6.0,23.3,30.8,Yes,Yes
C29,13.9,20.0,0.0,5.6,8.8,SW,61.0,SW,S,19.0,31.0,56.0,48.0,1004.8,1006.0,7.0,7.0,16.9,18.0,Yes,No
C40,6.1,17.1,0.0,1.4,6.2,SE,20.0,E,NE,15.0,9.0,78.0,59.0,1020.6,1018.4,5.0,7.0,10.0,15.9,No,No
C34,5.1,12.7,1.2,0.6,0.2,E,48.0,SSW,E,28.0,20.0,74.0,84.0,1021.2,1019.6,7.0,7.0,10.6,11.1,No,No
C5,nan,nan,nan,2.4,6.3,ENE,46.0,SSE,ENE,9.0,30.0,nan,nan,nan,nan,nan,nan,nan,nan,No,No
C42,8.7,21.2,0.0,2.4,nan,SW,24.0,ESE,SW,9.0,9.0,75.0,40.0,1021.0,1017.6,5.0,2.0,13.8,20.6,No,No
C47,12.0,35.0,7.6,4.8,nan,WNW,46.0,NNW,WNW,11.0,19.0,82.0,nan,1005.9,1001.3,8.0,nan,16.7,nan,Yes,Yes
C41,12.0,19.0,0.6,3.4,nan,SSE,39.0,SSE,S,13.0,19.0,47.0,27.0,1005.1,1002.3,nan,nan,15.3,18.1,No,Yes
C34,12.0,22.8,0.0,4.4,12.8,N,50.0,NE,NW,15.0,22.0,23.0,8.0,1012.2,1009.3,1.0,1.0,16.7,21.0,No,No
C40,16.1,29.3,0.0,8.0,8.5,WSW,28.0,W,SW,17.0,13.0,48.0,30.0,1023.1,1019.8,1.0,1.0,21.0,28.2,Yes,No
C2,17.6,26.3,0.4,1.4,10.9,SSE,57.0,SSW,SSE,11.0,20.0,84.0,31.0,1003.6,1001.7,nan,nan,19.5,26.1,No,No
C42,22.3,29.8,0.0,6.0,nan,E,46.0,ENE,SSW,20.0,28.0,51.0,40.0,1009.0,1009.1,6.0,7.0,24.0,26.3,No,No
C36,13.9,16.5,0.6,3.4,2.5,E,46.0,E,SSE,19.0,24.0,91.0,52.0,1018.7,1015.3,7.0,8.0,15.1,14.3,No,No
C29,14.0,26.2,0.0,9.0,13.0,WSW,43.0,WNW,W,17.0,17.0,54.0,32.0,1018.4,1016.0,3.0,1.0,18.3,25.7,No,No
C45,13.8,21.0,2.4,nan,nan,S,35.0,NW,SSW,22.0,19.0,79.0,81.0,1017.0,1014.3,nan,nan,18.3,18.8,Yes,No
C28,6.1,16.3,0.2,0.6,6.0,SE,44.0,E,SSE,11.0,19.0,96.0,65.0,1019.0,1015.4,0.0,2.0,8.3,15.9,No,No
C45,13.0,20.6,0.0,nan,nan,N,35.0,N,N,7.0,19.0,71.0,74.0,1019.4,1015.0,nan,nan,17.6,18.8,No,No
C45,17.2,30.9,0.0,nan,nan,SSE,39.0,S,SE,28.0,11.0,60.0,42.0,1005.4,1005.5,nan,nan,21.1,26.7,Yes,No
C13,4.8,20.0,0.2,nan,nan,NNW,48.0,SE,WNW,0.0,28.0,98.0,64.0,1021.9,1019.4,2.0,8.0,8.9,16.4,No,Yes
C32,16.6,21.1,4.4,1.9,1.0,SE,46.0,W,W,15.0,20.0,94.0,84.0,1008.4,1007.1,6.0,8.0,17.0,18.2,Yes,No
C3,17.2,20.7,0.0,2.8,0.0,ENE,13.0,E,SSE,4.0,6.0,93.0,52.0,1023.7,1019.4,8.0,8.0,18.7,19.8,No,No
C18,6.5,12.2,3.0,3.6,0.3,ENE,48.0,SSW,NE,30.0,20.0,79.0,81.0,1013.8,1011.8,8.0,8.0,9.2,12.0,No,No
C40,6.9,13.1,4.0,0.6,6.5,E,26.0,E,E,6.0,19.0,88.0,60.0,1022.7,1022.5,7.0,2.0,8.7,12.4,No,No
C13,2.5,17.9,0.2,nan,nan,NNW,19.0,E,NNW,0.0,11.0,74.0,42.0,1018.0,1015.5,0.0,2.0,10.6,17.6,Yes,Yes
C42,12.0,22.8,0.0,7.2,8.4,SSE,65.0,E,SSE,19.0,28.0,28.0,20.0,1012.8,1008.6,7.0,1.0,25.0,21.0,No,No
C44,14.9,19.9,0.0,nan,nan,SSE,41.0,SW,SW,24.0,17.0,73.0,60.0,1004.3,1006.6,nan,nan,19.4,18.3,No,No
C20,6.4,14.8,0.0,nan,nan,SW,43.0,NE,SSE,24.0,20.0,81.0,56.0,1015.9,1016.2,5.0,6.0,9.2,13.6,No,No
C6,12.0,32.4,0.0,5.2,10.5,WSW,31.0,SSW,SSW,7.0,20.0,77.0,63.0,1010.0,1008.0,7.0,7.0,16.7,31.9,No,No
C7,4.6,13.4,0.0,1.2,8.4,NE,24.0,NNE,N,9.0,19.0,78.0,58.0,1021.5,1019.7,1.0,1.0,7.5,10.8,No,No
C17,5.4,18.5,0.0,nan,nan,NNE,31.0,NNE,NW,4.0,15.0,83.0,57.0,1021.8,1019.6,nan,nan,11.8,17.2,No,No
C25,16.2,30.7,0.0,7.6,12.2,WNW,43.0,N,NNW,13.0,22.0,47.0,20.0,1024.0,1021.1,1.0,1.0,22.0,29.5,No,Yes
C1,8.4,24.8,0.0,1.6,7.9,WNW,31.0,WNW,WNW,0.0,11.0,94.0,40.0,1025.4,1021.4,4.0,3.0,13.5,23.5,Yes,No
C32,12.9,33.7,0.0,6.6,10.9,ENE,37.0,SW,N,6.0,9.0,46.0,26.0,1017.4,1013.3,0.0,nan,23.5,32.6,No,No
C7,11.9,17.3,0.0,7.4,2.6,SE,33.0,NNW,SW,9.0,24.0,68.0,66.0,1011.9,1011.1,7.0,7.0,15.9,15.8,No,No
C13,11.0,14.3,0.0,1.0,nan,NW,26.0,N,SW,11.0,15.0,96.0,52.0,1004.6,1003.5,8.0,8.0,11.4,12.6,No,No
C15,10.7,18.8,0.0,nan,nan,NNW,31.0,NE,NNW,11.0,19.0,98.0,77.0,1015.4,1016.0,8.0,8.0,15.2,17.7,No,No
C10,15.8,22.2,0.0,2.8,10.8,SSW,nan,WSW,S,11.0,19.0,78.0,77.0,1013.5,1011.2,1.0,1.0,20.0,21.6,No,No
C2,8.3,18.8,0.0,3.6,6.8,NNW,26.0,NE,N,7.0,17.0,84.0,64.0,1018.0,1025.8,6.0,6.0,9.7,18.1,No,No
C26,10.3,19.4,0.0,0.0,nan,ESE,43.0,S,SE,19.0,17.0,69.0,62.0,1020.5,1020.1,nan,nan,14.5,18.6,Yes,No
C36,12.7,23.9,0.0,nan,nan,SE,33.0,NW,ESE,17.0,17.0,65.0,37.0,1021.6,1019.0,nan,nan,14.9,21.7,No,No
C4,18.2,30.9,0.6,nan,8.5,SSE,44.0,S,S,13.0,13.0,48.0,38.0,1014.8,1012.7,nan,nan,21.4,29.4,No,No
C7,7.4,17.5,0.2,1.2,1.2,NNE,59.0,W,WNW,9.0,26.0,72.0,49.0,1008.3,1002.0,6.0,6.0,12.3,16.5,No,Yes
C28,13.9,17.8,0.0,4.4,4.3,SSW,43.0,SW,ENE,19.0,28.0,69.0,73.0,1014.1,1018.1,7.0,5.0,15.1,15.9,No,No
C26,9.4,18.1,0.0,0.9,nan,SSW,17.0,SSE,SSW,9.0,9.0,92.0,67.0,1026.0,1021.6,8.0,4.0,12.4,17.8,No,No
C44,15.5,25.0,0.0,nan,nan,W,35.0,SSW,WNW,11.0,13.0,75.0,55.0,1008.7,1007.3,nan,nan,20.0,23.4,No,No
C14,6.9,18.6,0.6,nan,nan,SE,28.0,N,NW,6.0,9.0,37.0,47.0,nan,nan,nan,nan,13.8,16.0,No,Yes
C32,13.4,22.9,0.0,2.6,3.7,SE,28.0,E,S,11.0,13.0,67.0,56.0,1023.4,1020.3,7.0,nan,17.3,21.9,No,No
C26,20.3,22.8,0.0,nan,nan,NNE,37.0,NNW,N,0.0,6.0,81.0,53.0,1011.9,1009.1,nan,nan,24.6,21.0,No,Yes
C42,2.7,11.4,0.0,2.8,nan,WSW,33.0,WNW,SW,11.0,15.0,88.0,36.0,1023.4,1021.5,2.0,2.0,5.2,11.1,No,No
C24,15.8,31.7,0.0,8.4,11.6,WNW,39.0,NW,WNW,11.0,17.0,70.0,30.0,1013.1,1012.2,2.0,3.0,18.5,30.3,Yes,Yes
C42,9.1,24.5,0.0,4.6,nan,SE,30.0,NNE,SE,9.0,17.0,36.0,21.0,1018.9,1014.9,0.0,5.0,18.6,22.7,No,No
C18,5.9,13.4,8.4,1.2,5.2,ESE,52.0,W,NW,17.0,26.0,95.0,82.0,1003.0,999.7,8.0,8.0,8.8,11.4,No,Yes
C4,8.0,23.1,0.0,nan,nan,E,35.0,ESE,NNE,11.0,11.0,43.0,24.0,1022.1,1017.4,nan,nan,15.6,22.3,No,No
C30,9.4,25.8,0.0,nan,nan,SE,31.0,NNE,ENE,0.0,7.0,63.0,32.0,1013.9,1012.0,nan,nan,16.7,25.1,Yes,No
C41,10.8,20.4,0.8,1.2,3.4,ESE,nan,SE,ESE,15.0,9.0,69.0,70.0,1022.4,1018.9,7.0,nan,13.4,19.2,Yes,Yes
C38,20.9,22.4,2.2,5.2,1.1,WNW,52.0,WNW,WNW,20.0,30.0,86.0,59.0,1013.6,1013.4,7.0,7.0,21.1,21.8,No,No
C46,3.3,18.9,0.0,nan,nan,SSE,39.0,SE,S,17.0,22.0,58.0,30.0,nan,nan,nan,nan,11.6,18.0,Yes,No
C21,15.2,32.4,0.0,nan,nan,WNW,nan,WNW,NW,2.0,6.0,69.0,52.0,nan,nan,1.0,5.0,23.2,22.5,Yes,Yes
C10,9.3,15.8,0.0,4.0,8.3,NNW,nan,N,NNW,22.0,19.0,61.0,58.0,1018.0,1015.5,5.0,4.0,13.5,15.1,No,No
C20,18.9,31.2,0.0,nan,nan,SSW,39.0,SW,SSW,0.0,24.0,62.0,36.0,1017.1,1013.9,1.0,3.0,20.6,29.4,Yes,No
C15,13.8,29.4,0.0,nan,nan,SSW,44.0,WSW,SSE,9.0,13.0,86.0,30.0,1018.3,1015.7,nan,nan,17.3,27.9,Yes,Yes
C47,20.1,22.8,0.0,11.0,nan,NE,48.0,ENE,E,9.0,20.0,50.0,75.0,1015.5,1010.6,1.0,0.0,16.7,21.0,Yes,Yes
C27,10.4,16.7,0.0,nan,nan,SE,35.0,SE,ESE,2.0,7.0,75.0,48.0,1020.3,1020.1,6.0,7.0,12.6,16.2,No,No
C24,2.8,16.7,0.0,1.0,5.9,NE,37.0,NW,NW,11.0,19.0,85.0,40.0,1019.5,1016.6,0.0,7.0,7.0,15.6,No,No
C34,12.0,20.8,0.0,7.0,1.4,W,56.0,W,WSW,30.0,24.0,71.0,69.0,1011.2,1010.8,7.0,7.0,15.2,20.0,No,No
C44,14.5,26.4,0.0,nan,nan,W,37.0,WSW,WSW,17.0,24.0,70.0,67.0,1020.1,1018.0,nan,nan,20.7,23.9,Yes,Yes
C18,15.4,23.9,0.2,4.8,1.4,WSW,30.0,W,SSW,11.0,15.0,86.0,57.0,1008.7,1008.0,8.0,8.0,18.2,22.4,No,No
C41,12.8,27.4,0.0,7.6,12.3,WSW,39.0,WSW,WSW,9.0,24.0,65.0,50.0,1013.2,1010.7,3.0,2.0,21.4,26.2,Yes,Yes
C4,13.8,25.6,0.0,4.6,10.7,SE,30.0,S,SE,9.0,11.0,68.0,40.0,1019.7,1017.8,nan,nan,18.4,24.8,No,Yes
C25,18.9,22.2,0.0,10.6,0.0,NE,33.0,ENE,NNW,13.0,19.0,48.0,49.0,1021.2,1020.7,7.0,7.0,20.6,20.9,Yes,Yes
C15,13.6,33.8,0.0,nan,nan,SW,50.0,WSW,SSW,13.0,22.0,41.0,30.0,1020.7,1016.7,0.0,nan,24.7,32.8,No,Yes
C16,12.0,31.5,0.0,nan,nan,SE,43.0,E,NE,26.0,33.0,59.0,59.0,1012.6,1009.1,nan,nan,26.9,28.8,No,No
C33,6.1,19.9,0.2,nan,nan,NNW,35.0,SSW,NE,17.0,22.0,52.0,48.0,1018.0,1015.5,nan,nan,13.8,19.2,No,No
C30,20.4,30.2,0.4,nan,nan,E,28.0,E,SE,9.0,17.0,89.0,58.0,1010.9,1007.4,nan,nan,21.4,28.1,No,No
C43,8.9,17.4,0.2,3.2,5.9,ESE,35.0,ESE,E,0.0,11.0,78.0,58.0,1025.9,1024.2,nan,nan,12.4,16.5,No,No
C15,8.4,17.9,0.0,nan,nan,ENE,50.0,ENE,NE,24.0,28.0,98.0,52.0,1009.7,1010.5,8.0,8.0,9.8,15.6,Yes,No
C41,6.7,19.8,0.0,2.6,9.9,SE,46.0,NW,SW,26.0,30.0,60.0,32.0,1018.6,1014.3,1.0,6.0,13.5,18.9,No,No
C13,0.9,11.3,2.2,0.4,nan,W,20.0,WNW,SW,0.0,13.0,69.0,82.0,1026.6,1025.8,8.0,8.0,3.0,10.9,Yes,Yes
C30,19.4,28.0,0.0,nan,nan,SSW,30.0,WSW,S,4.0,19.0,70.0,65.0,1009.3,1007.5,nan,nan,23.5,25.1,No,No
C3,21.3,30.0,0.2,7.4,8.0,E,28.0,NE,ESE,6.0,13.0,82.0,64.0,1009.9,1007.7,7.0,7.0,23.6,27.6,Yes,Yes
C22,19.9,30.0,0.2,nan,nan,WSW,44.0,W,W,17.0,26.0,59.0,53.0,nan,nan,nan,nan,24.9,26.8,Yes,No
C19,10.5,15.5,0.0,nan,nan,SE,54.0,SSE,ESE,22.0,19.0,77.0,65.0,1023.9,1021.9,nan,nan,11.8,15.2,No,No
C19,14.4,21.5,0.0,nan,nan,SE,30.0,E,SE,7.0,17.0,44.0,57.0,1023.3,1022.2,nan,1.0,19.0,20.8,Yes,Yes
C38,18.3,23.1,0.0,5.6,2.9,W,35.0,NW,W,19.0,20.0,88.0,67.0,1014.0,1012.4,7.0,7.0,20.4,22.1,No,No
C6,12.0,32.9,0.0,6.4,10.6,NW,33.0,NW,NNW,7.0,22.0,80.0,63.0,1009.9,1006.6,7.0,7.0,16.7,32.1,No,Yes
C39,18.4,22.8,0.0,nan,11.6,NNW,56.0,SE,NNW,13.0,9.0,46.0,15.0,1013.7,1009.6,0.0,nan,24.1,21.0,No,No
C4,11.5,18.5,0.6,nan,6.0,NNW,24.0,N,NNE,7.0,13.0,95.0,62.0,1018.0,1015.5,nan,nan,12.2,18.0,No,Yes
C40,3.8,10.5,8.2,1.0,5.7,SE,30.0,W,SW,9.0,17.0,94.0,76.0,1018.0,1015.5,7.0,3.0,5.4,9.4,No,No
C45,14.8,23.7,0.6,nan,nan,SSE,39.0,SE,SSE,9.0,28.0,79.0,78.0,1018.1,1013.7,nan,nan,18.9,21.8,Yes,Yes
C15,9.2,23.7,0.0,nan,nan,SSE,35.0,S,S,17.0,20.0,65.0,32.0,1023.2,1020.4,1.0,nan,15.8,22.9,No,No
C7,11.0,14.2,7.6,2.8,4.0,WSW,39.0,WSW,S,13.0,15.0,74.0,71.0,993.2,997.7,7.0,6.0,11.9,9.5,No,No
C4,19.1,35.6,0.0,8.6,12.8,N,39.0,NNE,N,2.0,24.0,67.0,27.0,1008.0,1007.6,nan,nan,23.9,21.0,No,No
C17,7.0,20.9,0.0,nan,nan,N,24.0,NW,NW,0.0,7.0,94.0,40.0,nan,nan,nan,nan,12.4,20.6,Yes,No
C42,13.4,31.6,0.0,8.4,nan,SSE,31.0,NNE,S,19.0,11.0,31.0,14.0,1021.9,1017.4,1.0,1.0,22.2,30.3,No,No
C12,12.0,30.3,0.0,8.8,1.8,SSW,41.0,SSW,SE,2.0,13.0,87.0,52.0,1004.5,1001.5,7.0,8.0,25.9,24.3,No,Yes
C35,6.2,17.6,0.0,nan,nan,ENE,48.0,E,E,15.0,19.0,64.0,53.0,1018.0,1015.5,nan,8.0,12.7,16.0,No,Yes
C49,22.3,22.8,0.0,nan,nan,SE,37.0,SW,SE,19.0,26.0,50.0,26.0,1007.3,1005.0,1.0,nan,16.7,21.0,Yes,No
C41,17.0,27.8,0.0,3.4,nan,WNW,35.0,WNW,WNW,15.0,24.0,75.0,61.0,1014.4,1010.5,7.0,8.0,21.7,25.3,No,Yes
C1,5.0,23.6,0.0,8.6,11.3,NW,39.0,NE,NW,9.0,19.0,50.0,22.0,1013.1,1010.0,1.0,0.0,10.7,22.5,No,No
C18,3.6,17.4,0.2,2.4,10.2,SSW,37.0,S,SSW,19.0,20.0,71.0,45.0,1020.2,1016.9,6.0,3.0,10.9,17.1,Yes,Yes
C16,17.2,25.8,0.0,nan,nan,N,26.0,NNE,N,13.0,19.0,68.0,62.0,1024.1,1021.2,nan,nan,23.6,24.3,No,Yes
C6,12.0,33.9,0.2,8.2,10.7,NE,37.0,NNW,WSW,11.0,24.0,71.0,55.0,1011.9,1008.1,7.0,6.0,16.7,32.5,No,No
C21,6.6,20.2,0.0,nan,nan,NE,nan,NE,SSW,4.0,0.0,74.0,43.0,nan,nan,0.0,1.0,12.8,18.8,No,No
C5,nan,nan,nan,8.0,9.0,SSW,52.0,WSW,SSW,20.0,24.0,nan,nan,nan,nan,nan,nan,nan,nan,Yes,Yes
C47,12.0,22.8,0.0,11.2,nan,W,37.0,WNW,WNW,11.0,4.0,56.0,30.0,1012.0,1006.0,3.0,3.0,16.7,21.0,No,No
C18,6.2,19.6,0.2,1.4,4.1,SE,31.0,E,SE,13.0,19.0,97.0,70.0,1025.3,1022.4,7.0,7.0,15.2,17.3,No,No
C19,12.2,21.1,0.0,nan,nan,W,57.0,N,WNW,9.0,19.0,65.0,71.0,1010.2,1004.8,nan,nan,18.5,19.3,No,Yes
C39,13.6,26.0,0.0,nan,8.6,SE,46.0,SE,ESE,13.0,20.0,55.0,68.0,1012.5,1010.6,7.0,8.0,20.6,21.9,No,No
C23,8.2,13.7,0.0,nan,nan,NNW,35.0,NNW,ESE,17.0,19.0,71.0,66.0,1012.2,1010.7,nan,nan,11.3,11.9,No,No
C19,17.8,21.1,0.0,nan,nan,NE,37.0,E,ESE,0.0,15.0,63.0,73.0,1010.2,1010.3,nan,1.0,19.1,19.5,No,No
C27,9.1,23.5,0.0,3.6,nan,W,44.0,W,WSW,20.0,30.0,53.0,54.0,1018.0,1015.5,1.0,0.0,20.3,21.2,No,No
C42,12.0,22.8,0.0,9.4,nan,SE,26.0,NW,WSW,17.0,9.0,40.0,14.0,1006.7,1004.2,3.0,2.0,27.0,21.0,No,No
C23,12.2,23.3,2.2,nan,nan,ENE,24.0,NE,N,0.0,9.0,76.0,48.0,1022.7,1017.2,nan,nan,15.3,21.9,No,No
C21,21.8,29.5,3.6,nan,nan,NNW,nan,SSW,NW,7.0,15.0,86.0,67.0,nan,nan,7.0,6.0,23.6,28.0,No,No
C4,10.4,16.4,1.4,nan,nan,SE,56.0,S,SE,17.0,24.0,87.0,68.0,1015.8,1016.3,nan,nan,13.0,15.0,No,No
C25,14.4,21.7,0.0,3.6,9.8,SE,37.0,E,SE,13.0,13.0,71.0,63.0,1024.3,1022.7,2.0,2.0,18.9,21.2,No,No
C24,8.5,15.3,0.0,1.8,nan,WSW,31.0,ESE,WSW,19.0,17.0,80.0,58.0,1018.0,1015.5,7.0,5.0,9.0,14.5,No,Yes
C44,9.6,15.4,1.0,nan,nan,SE,35.0,E,SW,11.0,15.0,74.0,66.0,1026.6,1015.5,nan,nan,11.3,13.7,No,Yes
C4,10.6,13.8,1.8,1.8,5.6,SSW,39.0,NNE,ENE,20.0,26.0,58.0,57.0,1010.9,1014.6,nan,nan,12.2,13.5,No,No
C11,2.7,21.1,0.0,5.2,10.4,SE,33.0,E,ENE,2.0,19.0,48.0,20.0,1027.4,1022.6,3.0,1.0,10.7,20.0,No,No
C15,5.7,11.1,6.0,nan,nan,SSE,22.0,E,SSE,9.0,13.0,69.0,52.0,1021.6,1021.4,6.0,3.0,7.6,10.4,No,No
C16,7.6,17.2,0.0,nan,nan,S,39.0,SSE,SSE,11.0,7.0,45.0,34.0,1021.2,1018.1,nan,nan,11.8,17.0,No,No
C49,13.4,33.4,0.0,nan,nan,NW,50.0,NNW,NNW,13.0,11.0,24.0,10.0,1018.3,1012.8,nan,nan,22.2,32.2,No,No
C39,12.0,30.8,0.0,nan,0.6,W,57.0,W,W,13.0,31.0,48.0,60.0,1019.7,1017.2,6.0,4.0,25.1,25.9,No,No
C4,12.5,29.8,0.0,4.6,10.9,E,24.0,ESE,ENE,0.0,13.0,69.0,33.0,1015.8,1011.6,nan,nan,16.4,27.7,Yes,No
C4,8.7,17.1,1.0,nan,nan,N,24.0,NNW,WSW,4.0,13.0,77.0,54.0,1027.3,1015.5,nan,nan,12.3,16.1,No,Yes
C5,10.9,25.5,0.0,2.6,9.7,SE,63.0,SE,S,17.0,33.0,70.0,36.0,1016.3,1011.4,2.0,nan,15.4,24.7,No,No
C26,0.4,17.8,0.0,7.6,nan,W,37.0,W,WNW,0.0,20.0,69.0,48.0,1010.3,1009.1,nan,nan,7.1,16.3,No,No
C28,4.3,9.2,0.0,nan,nan,S,39.0,S,SW,22.0,17.0,67.0,73.0,1004.8,1011.5,4.0,7.0,7.6,7.5,No,No
C30,15.0,35.5,0.0,nan,nan,N,31.0,NNE,N,2.0,13.0,83.0,24.0,1019.0,1014.1,nan,nan,21.1,21.0,Yes,Yes
C29,14.0,25.7,0.2,2.8,11.3,WNW,35.0,N,WNW,13.0,13.0,65.0,36.0,1023.7,1023.3,1.0,0.0,15.8,23.5,No,No
C30,14.5,28.1,0.0,nan,nan,N,39.0,N,N,6.0,13.0,73.0,52.0,1004.0,1002.5,nan,nan,22.2,20.6,Yes,Yes
C42,10.0,19.7,0.0,3.6,1.8,ENE,17.0,NW,ENE,9.0,2.0,49.0,33.0,1021.5,1018.8,7.0,7.0,12.9,18.9,No,No
C20,12.0,26.0,0.0,nan,nan,S,41.0,S,S,6.0,24.0,71.0,34.0,1013.3,1012.1,7.0,nan,15.8,25.1,No,No
C40,3.4,19.3,0.0,3.2,10.5,WNW,30.0,NW,WSW,9.0,11.0,57.0,24.0,1026.5,1024.8,0.0,1.0,11.1,18.4,No,Yes
C31,12.9,31.6,0.0,9.6,12.0,SSW,41.0,SW,SW,26.0,28.0,53.0,48.0,1014.2,1012.1,1.0,0.0,26.3,29.6,Yes,Yes
C28,8.2,15.3,1.8,1.0,5.8,WSW,41.0,WSW,SW,17.0,19.0,65.0,63.0,1013.8,1013.8,6.0,7.0,11.1,14.4,No,No
C49,8.6,23.1,0.0,nan,nan,SE,39.0,E,W,19.0,24.0,62.0,21.0,1027.0,1022.4,nan,1.0,13.2,21.8,No,No
C28,7.1,17.3,0.0,4.0,3.5,SE,35.0,SE,SSE,17.0,15.0,69.0,68.0,1016.9,1014.0,7.0,7.0,14.6,16.8,No,No
C24,3.1,13.7,0.0,1.8,5.5,NNE,22.0,N,N,7.0,9.0,95.0,49.0,1028.2,1025.4,1.0,7.0,6.4,12.1,No,No
C33,2.3,19.4,0.0,nan,nan,E,20.0,E,SSE,0.0,13.0,nan,nan,1023.5,1020.6,nan,nan,11.2,18.8,No,No
C37,13.2,21.0,0.0,4.0,2.4,E,39.0,SE,E,17.0,13.0,70.0,58.0,1025.8,1022.0,8.0,7.0,14.7,19.4,No,No
C6,12.0,33.6,0.0,nan,10.3,SE,28.0,NE,NE,9.0,15.0,61.0,79.0,1010.2,1006.6,5.0,6.0,16.7,30.0,No,Yes
C38,15.8,21.5,0.0,5.8,10.8,SE,43.0,NE,SE,26.0,24.0,51.0,52.0,1020.0,1018.0,1.0,6.0,18.8,19.0,No,No
C49,12.0,22.8,0.2,nan,nan,ESE,52.0,E,SSE,13.0,22.0,63.0,42.0,1005.3,1002.5,nan,6.0,16.7,21.0,No,No
C32,10.5,21.3,0.0,3.7,4.8,WSW,31.0,NW,SSW,7.0,19.0,90.0,67.0,1017.4,1014.7,7.0,4.0,15.2,19.5,No,No
C7,9.8,17.7,1.0,11.6,9.6,SE,39.0,SE,S,28.0,24.0,39.0,33.0,1006.6,1009.8,nan,nan,14.2,17.0,No,No
C21,12.6,24.7,0.0,nan,nan,SE,nan,SE,ESE,9.0,nan,65.0,nan,nan,nan,3.0,nan,21.5,nan,Yes,Yes
C15,5.6,17.2,0.0,nan,nan,SW,50.0,N,SW,30.0,33.0,66.0,49.0,1016.2,1016.2,3.0,6.0,11.2,14.3,No,Yes
C30,13.8,28.3,0.4,nan,nan,WSW,19.0,S,NW,2.0,7.0,84.0,46.0,1015.2,1010.3,nan,nan,17.9,26.8,No,No
C7,7.3,15.6,0.0,0.8,5.6,SE,48.0,NW,NW,6.0,26.0,78.0,54.0,1018.0,1015.5,3.0,2.0,10.9,14.5,No,Yes
C4,5.2,16.4,0.0,1.0,3.7,NNE,63.0,NNE,N,13.0,19.0,57.0,43.0,1024.0,1019.5,nan,nan,11.0,15.0,No,Yes
C8,11.3,24.9,0.0,5.6,10.2,E,30.0,E,E,9.0,11.0,50.0,29.0,1026.1,1022.4,0.0,0.0,17.0,24.6,No,No
C9,12.0,31.7,0.0,7.6,12.1,W,30.0,NW,W,20.0,15.0,62.0,66.0,1009.7,1007.9,2.0,1.0,16.7,30.3,No,No
C44,13.0,19.9,0.0,nan,nan,SSW,43.0,SSW,S,11.0,13.0,88.0,78.0,1011.2,1007.1,nan,nan,15.9,18.8,Yes,No
C17,4.2,15.5,0.2,nan,nan,SE,33.0,E,SE,4.0,20.0,69.0,63.0,nan,nan,nan,2.0,9.2,13.8,Yes,Yes
C35,4.2,12.2,6.8,nan,nan,E,48.0,E,E,17.0,30.0,84.0,61.0,1016.4,1015.5,4.0,6.0,7.2,11.9,No,No
C14,12.7,25.4,0.0,nan,nan,SSW,39.0,S,SSW,15.0,15.0,56.0,36.0,nan,nan,nan,nan,18.0,25.2,Yes,No
C40,15.0,20.0,8.8,2.0,0.0,NE,41.0,SSE,NE,6.0,9.0,94.0,52.0,1016.9,1012.6,8.0,8.0,17.9,19.1,No,Yes
C8,10.6,21.8,0.0,5.8,6.5,SW,33.0,SSW,SSW,13.0,11.0,79.0,50.0,1018.0,1017.7,5.0,6.0,16.8,20.4,Yes,No
C39,13.4,26.3,0.0,nan,9.3,SE,28.0,E,ESE,9.0,13.0,46.0,32.0,1022.8,1019.9,1.0,nan,18.9,25.8,No,No
C22,3.4,17.4,0.0,nan,nan,WSW,9.0,SW,SSW,4.0,7.0,98.0,58.0,nan,nan,nan,nan,6.4,17.0,Yes,Yes
C20,0.0,15.7,0.2,nan,nan,NW,19.0,E,NNW,0.0,11.0,92.0,54.0,1018.0,1015.5,nan,nan,5.6,15.1,No,No
C33,12.1,17.5,5.0,nan,nan,NE,50.0,E,NE,24.0,22.0,64.0,58.0,1011.4,1014.6,nan,nan,15.4,14.7,Yes,No
C17,4.7,13.1,0.0,nan,nan,SSE,13.0,SSW,SSW,4.0,0.0,81.0,71.0,1020.8,1018.3,nan,nan,7.6,12.7,No,No
C43,3.7,15.0,0.0,3.0,5.8,NNW,39.0,SE,NNW,9.0,20.0,87.0,61.0,1018.3,1017.5,nan,nan,12.1,13.5,No,Yes
C6,21.1,31.5,2.6,5.2,2.1,SE,37.0,ESE,SE,9.0,15.0,87.0,23.0,1015.4,1012.2,7.0,6.0,23.4,30.8,No,No
C25,18.9,22.6,8.0,2.8,0.0,ESE,48.0,E,ESE,24.0,17.0,65.0,72.0,1019.8,1018.6,8.0,8.0,21.0,20.7,No,No
C3,15.2,22.9,0.0,2.2,8.2,NNE,26.0,NNW,N,6.0,11.0,61.0,61.0,1024.3,1022.0,2.0,4.0,19.6,21.0,No,Yes
C4,11.9,22.9,0.0,nan,8.5,SSW,41.0,ESE,ENE,13.0,20.0,41.0,25.0,1023.7,1020.1,nan,nan,15.8,22.3,No,No
C11,5.7,18.2,0.0,4.2,10.4,S,33.0,NNE,NE,7.0,13.0,56.0,35.0,1020.3,1018.4,2.0,3.0,10.3,17.2,No,No
C31,17.1,25.9,0.0,2.6,7.5,S,37.0,SE,SSE,17.0,28.0,65.0,51.0,1017.9,1016.5,7.0,1.0,21.1,24.6,No,No
C1,15.4,22.8,0.0,nan,nan,NE,37.0,SSE,E,6.0,17.0,47.0,21.0,1015.3,1011.9,nan,nan,25.6,33.3,No,No
C26,11.6,25.2,4.0,0.6,nan,SSE,37.0,SSE,ESE,13.0,22.0,87.0,34.0,1014.9,1009.8,nan,nan,15.3,25.0,No,No
C33,15.9,25.4,0.0,nan,nan,N,37.0,E,WNW,13.0,20.0,57.0,46.0,1016.9,1015.1,nan,nan,21.1,23.5,Yes,No
C45,16.1,27.1,0.0,nan,nan,SE,20.0,E,SE,11.0,17.0,61.0,69.0,1017.2,1014.8,nan,nan,19.2,22.9,No,No
C41,18.2,19.9,0.0,3.4,0.0,E,48.0,SSE,E,28.0,30.0,95.0,52.0,1013.3,1012.9,8.0,8.0,19.1,18.6,No,No
C6,12.0,34.0,0.0,8.4,8.6,E,35.0,E,E,17.0,19.0,70.0,74.0,1010.6,1007.9,5.0,7.0,16.7,31.2,No,No
C20,14.6,30.3,0.0,nan,nan,NNE,22.0,N,N,7.0,13.0,64.0,34.0,1017.9,1014.7,nan,4.0,20.3,28.1,No,No
C10,13.7,21.8,0.0,nan,nan,N,nan,WSW,WNW,9.0,nan,78.0,nan,1024.8,1021.6,2.0,nan,19.8,nan,Yes,No
C20,7.0,15.8,2.0,nan,nan,NNE,13.0,ESE,SE,0.0,9.0,69.0,76.0,1025.5,1023.1,8.0,8.0,9.0,13.9,Yes,No
C3,16.9,27.4,0.0,3.6,12.6,NW,39.0,SSE,NW,11.0,13.0,51.0,48.0,1019.2,1015.6,6.0,2.0,23.3,25.3,No,No
C7,9.1,15.5,0.0,0.4,0.2,SE,54.0,ENE,NE,19.0,9.0,63.0,51.0,1020.0,1015.4,nan,nan,11.1,15.3,No,No
C34,11.8,17.3,8.4,1.4,1.8,SSE,39.0,S,SSE,22.0,19.0,72.0,76.0,997.8,995.9,7.0,7.0,15.6,11.4,No,No
C21,13.2,26.2,0.0,nan,nan,SE,nan,N,E,0.0,9.0,98.0,56.0,nan,nan,7.0,3.0,19.6,25.5,No,Yes
C37,12.9,22.0,0.0,6.6,6.5,SE,31.0,ESE,SE,13.0,20.0,92.0,48.0,1016.1,1014.2,8.0,4.0,15.4,21.0,No,No
C4,15.5,31.4,nan,nan,11.5,SE,41.0,SE,ESE,4.0,11.0,56.0,28.0,1020.3,1016.1,nan,nan,20.9,30.5,No,No
C46,12.5,18.9,0.0,nan,nan,ESE,61.0,ESE,E,13.0,26.0,63.0,45.0,nan,nan,nan,nan,14.5,18.5,No,No
C18,5.0,20.0,0.0,2.2,9.6,SSE,28.0,WSW,SSE,15.0,11.0,81.0,48.0,1020.5,1016.3,7.0,5.0,11.7,19.5,No,No
C28,8.5,13.7,2.4,1.0,2.3,WSW,30.0,WSW,WSW,7.0,7.0,88.0,69.0,1023.1,1020.2,8.0,3.0,11.1,12.8,Yes,Yes
C38,20.4,25.7,nan,nan,nan,NW,48.0,W,NNE,28.0,24.0,67.0,55.0,1009.4,1009.7,8.0,4.0,23.1,23.9,No,Yes
C24,5.5,17.4,0.0,2.8,7.5,ENE,28.0,ENE,ENE,9.0,13.0,88.0,47.0,1020.4,1018.1,1.0,7.0,10.0,16.2,No,No
C33,6.1,22.3,0.0,nan,nan,ESE,35.0,NW,ESE,15.0,11.0,47.0,35.0,1018.0,1015.5,nan,nan,16.9,21.6,No,No
C34,6.5,9.6,1.8,1.8,0.4,N,65.0,E,NNW,13.0,19.0,71.0,79.0,1013.7,1008.7,8.0,7.0,7.4,6.8,No,No
C36,7.8,18.3,0.0,7.0,11.1,NW,44.0,NNW,SSE,30.0,17.0,41.0,21.0,1027.1,1024.1,0.0,0.0,12.3,17.4,No,No
C14,13.0,25.0,0.0,nan,nan,SE,39.0,E,SE,20.0,20.0,37.0,31.0,nan,nan,nan,nan,17.5,24.2,No,Yes
C7,15.8,26.3,0.6,5.6,2.4,WNW,39.0,N,NNW,11.0,19.0,89.0,45.0,996.9,990.4,nan,nan,16.3,25.4,No,No
C44,9.7,14.2,7.6,nan,nan,S,50.0,SSE,S,15.0,28.0,91.0,56.0,1008.2,1007.7,nan,nan,11.1,13.4,Yes,Yes
C41,12.2,17.0,nan,nan,nan,S,39.0,SW,SSE,19.0,19.0,76.0,87.0,1015.8,1017.6,8.0,8.0,14.8,15.1,No,No
C25,16.6,25.9,0.0,8.0,5.7,SE,54.0,E,NNW,30.0,33.0,57.0,55.0,1021.7,1018.2,7.0,8.0,22.7,23.9,No,No
C32,10.9,24.4,0.0,6.0,12.2,S,37.0,SSW,SE,17.0,15.0,50.0,17.0,1022.6,1020.2,3.0,1.0,14.4,22.3,No,No
C28,9.3,17.5,4.8,1.8,4.6,SE,39.0,SSE,SE,17.0,19.0,96.0,75.0,1009.2,1006.3,8.0,4.0,12.4,16.1,No,No
C21,13.5,25.0,0.0,nan,nan,WSW,nan,ESE,W,0.0,nan,93.0,nan,nan,nan,6.0,nan,15.5,nan,No,No
C36,17.3,24.0,2.0,nan,nan,NNW,52.0,N,NNW,15.0,17.0,94.0,49.0,1015.7,1014.7,8.0,nan,17.7,23.3,No,No
C8,13.7,27.5,0.0,4.4,7.8,E,20.0,S,E,6.0,11.0,69.0,59.0,1021.3,1020.0,8.0,7.0,17.8,26.6,No,Yes
C6,12.0,34.6,2.8,6.0,9.5,SSW,50.0,S,SSE,4.0,17.0,66.0,48.0,1009.1,1005.3,3.0,4.0,16.7,21.0,Yes,No
C22,4.9,23.4,0.0,nan,nan,ESE,13.0,ENE,W,2.0,7.0,98.0,49.0,nan,nan,nan,nan,8.9,22.6,No,No
C10,18.5,22.2,0.0,7.4,0.5,E,nan,ENE,SE,7.0,6.0,91.0,81.0,1011.7,1014.0,8.0,8.0,20.8,21.0,No,No
C41,14.1,19.5,0.0,3.8,4.9,NW,41.0,WNW,NNW,11.0,19.0,68.0,52.0,1012.1,1010.6,7.0,3.0,16.1,19.0,Yes,Yes
C42,17.2,22.5,0.0,8.2,nan,WSW,50.0,W,WSW,7.0,19.0,41.0,44.0,1009.5,1008.2,7.0,3.0,19.0,21.0,No,Yes
C25,13.0,18.0,1.4,2.0,2.6,SE,44.0,N,SSW,24.0,11.0,71.0,52.0,1018.0,1015.5,6.0,7.0,15.6,14.5,Yes,Yes
C18,8.1,17.9,2.0,nan,nan,ESE,39.0,NE,E,24.0,19.0,78.0,68.0,1009.6,1005.4,nan,8.0,12.5,16.3,No,No
C36,18.2,22.8,0.0,4.4,nan,WSW,46.0,W,SW,7.0,11.0,35.0,16.0,1011.3,1007.5,2.0,nan,23.9,21.0,No,No
C5,18.0,24.6,0.0,8.0,7.4,E,46.0,NE,SSW,19.0,28.0,68.0,50.0,1012.9,1013.1,7.0,4.0,18.1,22.6,No,No
C27,13.6,17.0,0.0,2.6,1.0,ESE,39.0,SW,WNW,24.0,20.0,83.0,84.0,1018.0,1015.5,7.0,6.0,14.8,16.4,No,Yes
C31,19.8,32.5,0.0,10.0,12.8,S,39.0,WSW,S,7.0,28.0,57.0,48.0,1009.0,1006.8,1.0,1.0,26.1,30.3,Yes,Yes
C37,21.0,32.6,0.0,nan,nan,SE,22.0,ESE,SE,15.0,9.0,77.0,43.0,1015.6,1012.8,nan,2.0,24.5,31.7,No,No
C8,9.2,17.7,0.0,1.6,7.0,SW,41.0,SW,SW,17.0,11.0,80.0,77.0,1013.3,1008.9,1.0,3.0,13.6,16.2,No,No
C4,13.6,21.7,0.2,5.0,nan,WNW,41.0,WNW,SSW,15.0,20.0,79.0,47.0,1019.7,1019.4,nan,nan,15.6,20.4,No,Yes
C12,21.0,29.0,0.0,5.2,8.5,SE,30.0,W,SSE,13.0,24.0,74.0,72.0,1011.3,1008.0,1.0,3.0,26.3,27.2,Yes,Yes
C46,11.4,30.3,0.0,nan,nan,SE,46.0,SE,S,24.0,20.0,27.0,24.0,nan,nan,nan,nan,22.4,27.8,No,No
C17,12.3,24.6,1.0,nan,nan,NE,31.0,E,WNW,0.0,19.0,92.0,62.0,nan,nan,8.0,8.0,14.8,23.4,No,Yes
C48,10.8,27.9,0.0,nan,nan,SE,35.0,NNW,N,9.0,20.0,45.0,21.0,1026.0,1020.9,nan,nan,16.4,27.4,No,Yes
C34,7.3,22.7,0.0,3.4,10.7,SSE,30.0,SSE,SE,6.0,4.0,64.0,34.0,1027.7,1023.6,7.0,1.0,13.3,20.7,Yes,No
C49,7.9,25.7,0.0,nan,nan,NE,44.0,ENE,NE,26.0,24.0,31.0,16.0,1018.0,1024.1,nan,nan,16.0,24.5,No,No
C22,5.1,19.1,0.0,nan,nan,WNW,15.0,NNE,W,0.0,4.0,86.0,39.0,nan,nan,nan,nan,9.9,18.9,No,No
C30,0.0,19.1,0.0,nan,nan,E,19.0,E,ESE,0.0,9.0,84.0,39.0,1027.8,1022.6,nan,nan,8.6,18.2,No,No
C28,4.4,11.8,4.2,0.8,0.0,SSE,31.0,SSE,ESE,13.0,19.0,97.0,52.0,1013.1,1008.7,8.0,8.0,8.4,10.7,No,No
C30,3.0,14.8,0.0,nan,nan,SE,41.0,ESE,SE,4.0,17.0,73.0,35.0,1026.2,1015.5,nan,nan,9.2,13.8,No,No
C12,22.2,32.4,0.0,8.6,12.1,SSW,46.0,SE,SSW,6.0,30.0,62.0,59.0,1008.0,1005.1,1.0,3.0,16.7,31.4,No,No
C38,21.3,25.2,0.0,4.6,9.8,ENE,37.0,E,N,24.0,24.0,74.0,63.0,1020.0,1018.6,4.0,1.0,23.0,23.4,No,No
C20,11.6,27.3,0.0,nan,nan,W,28.0,E,W,0.0,13.0,68.0,51.0,1015.9,1013.3,nan,8.0,17.8,26.3,No,No
C21,21.4,28.5,0.0,nan,nan,W,nan,W,SE,0.0,19.0,75.0,66.0,nan,nan,5.0,6.0,25.1,27.0,No,No
C7,3.6,16.2,0.0,2.6,8.4,SSW,43.0,SW,SW,20.0,20.0,68.0,38.0,1023.2,1018.9,1.0,1.0,7.0,15.9,Yes,Yes
C33,7.6,15.8,1.2,nan,nan,E,52.0,S,NE,0.0,26.0,69.0,58.0,1018.9,1018.4,nan,nan,13.0,14.2,No,No
C41,5.4,12.0,nan,nan,nan,W,28.0,WNW,W,11.0,0.0,90.0,52.0,1018.0,1015.5,8.0,8.0,8.0,10.6,No,No
C42,1.0,12.6,0.2,1.2,nan,SSW,33.0,SSE,SE,11.0,20.0,85.0,54.0,1018.6,1017.6,5.0,7.0,6.0,11.4,Yes,No
C17,-1.6,12.0,0.0,nan,nan,SE,50.0,SE,ESE,0.0,20.0,97.0,51.0,1018.0,1015.5,nan,nan,1.6,11.1,No,No
C25,9.1,23.4,0.0,4.2,7.2,E,48.0,ENE,E,13.0,26.0,57.0,52.0,1017.3,1010.2,7.0,7.0,15.5,19.6,No,No
C10,13.7,21.8,0.0,5.0,2.9,SE,nan,SE,SE,11.0,19.0,69.0,83.0,1008.9,1009.8,3.0,8.0,19.3,17.1,Yes,No
C13,9.7,14.5,0.0,9.9,nan,S,39.0,S,SSE,26.0,19.0,69.0,39.0,1007.2,1013.2,6.0,1.0,11.2,13.2,Yes,No
C29,5.7,19.2,0.2,1.6,9.4,SSW,11.0,S,SSW,7.0,2.0,69.0,60.0,1018.0,1015.5,1.0,3.0,7.9,18.6,Yes,No
C25,12.2,26.9,0.0,3.4,10.4,SSW,41.0,WNW,SSW,9.0,28.0,47.0,19.0,1012.6,1006.1,1.0,0.0,18.1,25.6,Yes,Yes
C14,13.2,27.0,0.0,nan,nan,SE,61.0,WNW,NW,19.0,19.0,43.0,30.0,nan,nan,nan,nan,19.4,26.0,No,No
C11,12.7,15.6,4.4,1.0,0.0,ENE,24.0,NE,NE,11.0,11.0,97.0,52.0,1020.7,1018.3,8.0,8.0,14.0,15.5,No,Yes
C17,4.5,10.0,6.8,nan,nan,ENE,54.0,SE,NW,15.0,26.0,69.0,63.0,nan,nan,nan,6.0,6.7,9.5,No,No
C43,9.0,15.6,6.2,2.8,4.4,N,43.0,NE,N,19.0,24.0,82.0,73.0,1018.0,1017.4,nan,nan,12.4,14.7,No,No
C33,8.3,26.4,0.0,nan,nan,SSW,39.0,WNW,WNW,17.0,24.0,51.0,47.0,1019.9,1014.0,nan,nan,17.7,24.3,Yes,Yes
C9,12.0,33.7,0.0,8.8,7.8,S,35.0,SE,SSE,15.0,24.0,65.0,61.0,1009.7,1007.2,3.0,4.0,16.7,31.7,Yes,No
C29,5.9,14.8,3.2,6.4,5.8,S,59.0,S,WSW,13.0,26.0,73.0,52.0,1009.8,1008.3,2.0,7.0,8.0,14.3,No,No
C19,11.6,21.0,0.0,nan,nan,S,43.0,E,S,20.0,24.0,35.0,80.0,1020.7,1017.9,nan,7.0,19.8,15.5,No,No
C26,10.7,16.8,0.0,4.2,nan,SW,39.0,SW,SSW,13.0,33.0,47.0,33.0,1009.5,1014.7,nan,nan,14.4,15.7,No,Yes
C39,14.4,35.6,0.0,nan,13.0,NNE,43.0,N,ESE,19.0,30.0,44.0,31.0,1012.2,1009.7,0.0,0.0,25.2,33.0,Yes,Yes
C23,6.1,11.4,0.0,nan,nan,WNW,46.0,NW,NW,11.0,19.0,71.0,70.0,1021.3,1020.8,nan,nan,9.0,9.8,No,No
C20,8.9,31.9,0.0,nan,nan,SE,43.0,NW,ESE,0.0,17.0,49.0,16.0,1016.6,1013.4,7.0,7.0,15.0,29.3,No,No
C33,11.7,28.9,0.0,nan,nan,N,37.0,NNW,ENE,15.0,24.0,65.0,46.0,1022.1,1017.3,nan,nan,18.1,26.6,Yes,Yes
C39,12.0,30.6,0.0,nan,8.5,NW,41.0,WNW,WSW,17.0,28.0,39.0,29.0,1018.1,1014.9,nan,nan,22.0,28.1,No,No
C46,12.0,27.4,0.0,nan,nan,WNW,33.0,NNW,N,19.0,19.0,40.0,46.0,nan,nan,nan,nan,22.9,25.1,Yes,No
C7,7.4,13.4,1.8,0.8,0.9,NW,48.0,N,WNW,11.0,17.0,71.0,62.0,1001.2,997.1,7.0,7.0,11.6,12.8,No,No
C26,12.3,25.3,0.0,1.2,nan,W,26.0,WSW,SSW,4.0,11.0,79.0,62.0,1020.0,1014.7,nan,nan,17.3,24.0,No,No
C30,11.8,31.9,1.6,nan,nan,WNW,43.0,NNW,W,4.0,9.0,87.0,37.0,nan,nan,nan,nan,18.1,31.0,No,No
C49,nan,27.4,nan,nan,nan,SSW,35.0,SSW,SSW,13.0,7.0,38.0,20.0,1020.9,1017.3,nan,nan,18.6,26.5,Yes,Yes
C5,15.6,21.9,nan,8.6,5.6,SW,41.0,NNE,SSW,15.0,24.0,75.0,71.0,1013.7,1013.4,nan,nan,18.5,19.6,No,Yes
C6,16.9,30.7,0.0,8.6,11.2,W,59.0,S,W,28.0,28.0,32.0,13.0,1017.5,1012.4,2.0,1.0,23.5,29.9,No,No
C48,19.4,22.8,0.0,nan,nan,W,65.0,NNE,W,13.0,30.0,21.0,14.0,1010.1,1008.7,nan,nan,16.7,21.0,No,No
C49,12.0,22.8,0.0,nan,nan,SE,57.0,S,SW,20.0,19.0,20.0,11.0,1012.5,1008.2,nan,nan,16.7,21.0,No,No
C7,10.8,23.3,0.0,8.0,12.9,SSE,31.0,SSE,SSW,6.0,22.0,52.0,46.0,1016.1,1014.2,nan,nan,18.1,21.7,No,No
C2,17.1,24.5,0.0,5.4,10.1,ENE,nan,W,E,11.0,17.0,72.0,52.0,1019.0,1016.1,1.0,1.0,20.1,24.3,No,No
C6,12.0,30.8,0.0,3.2,1.8,E,30.0,E,ESE,17.0,24.0,83.0,52.0,1011.8,1009.4,7.0,7.0,27.0,26.4,No,No
C23,13.0,29.3,0.0,nan,nan,NE,35.0,NNE,NE,7.0,17.0,54.0,31.0,1024.0,1020.2,nan,nan,21.5,28.2,No,No
C16,14.7,21.2,5.0,nan,nan,SSE,41.0,WSW,SSE,24.0,24.0,74.0,56.0,1018.0,1025.2,nan,nan,18.4,20.1,Yes,Yes
C43,11.9,21.0,0.0,5.4,7.5,ENE,46.0,S,S,22.0,30.0,80.0,58.0,1019.7,1020.3,nan,nan,15.6,19.1,No,No
C21,13.2,17.2,4.2,nan,nan,SE,nan,SSW,SE,0.0,0.0,89.0,73.0,nan,nan,6.0,6.0,13.4,15.6,No,No
C8,13.7,22.7,0.0,7.8,nan,S,43.0,SSE,SSW,17.0,20.0,49.0,44.0,1011.6,1011.6,6.0,4.0,19.7,20.7,No,No
C44,12.0,27.9,0.0,nan,nan,ENE,44.0,SSE,ESE,15.0,19.0,71.0,66.0,1019.9,1015.7,nan,nan,18.9,24.0,No,No
C33,11.6,20.4,0.4,nan,nan,SW,26.0,E,NE,7.0,13.0,83.0,65.0,1024.4,1022.6,nan,nan,16.3,18.8,No,Yes
C46,12.6,34.9,0.0,nan,nan,WNW,50.0,NW,WNW,13.0,17.0,46.0,18.0,nan,nan,nan,nan,23.0,21.0,Yes,No
C26,16.7,27.4,3.8,nan,nan,SSW,33.0,W,S,7.0,13.0,94.0,56.0,1014.3,1010.8,8.0,8.0,19.1,25.9,Yes,Yes
C31,16.6,31.4,0.0,4.4,8.5,SE,48.0,S,SSE,13.0,31.0,41.0,42.0,1007.0,1004.2,1.0,0.0,25.2,28.7,No,No
C16,16.3,21.8,0.0,nan,nan,NW,41.0,S,NW,15.0,26.0,78.0,74.0,1026.3,1023.4,nan,nan,19.2,21.2,No,No
C1,9.1,24.7,5.6,0.2,8.9,SE,39.0,N,E,6.0,11.0,92.0,37.0,1014.6,1013.6,1.0,nan,13.9,23.5,No,No
C22,12.3,23.1,0.6,nan,nan,ESE,41.0,SSE,ENE,19.0,20.0,51.0,43.0,nan,nan,nan,nan,20.2,21.7,No,No
C30,19.0,30.8,0.0,nan,nan,SSW,20.0,ENE,SSW,4.0,7.0,78.0,51.0,1013.6,1009.3,nan,nan,22.6,29.3,No,No
C25,14.2,21.1,3.8,2.4,4.4,NNE,nan,NE,NNW,9.0,26.0,88.0,58.0,1024.5,1021.4,6.0,6.0,15.8,19.7,No,No
C25,15.5,25.1,0.0,6.0,12.2,ESE,39.0,ESE,ESE,13.0,19.0,56.0,50.0,1012.9,1007.2,5.0,3.0,20.8,23.4,No,No
C19,16.1,19.8,0.0,nan,nan,W,44.0,W,SW,19.0,15.0,91.0,52.0,1016.8,1016.9,8.0,8.0,16.7,17.8,Yes,No
C41,15.6,27.1,0.0,4.4,10.4,NNW,44.0,WNW,NE,9.0,31.0,90.0,70.0,1017.5,1015.5,5.0,2.0,19.5,25.8,No,No
C13,18.1,35.2,0.0,8.4,nan,ENE,44.0,WSW,ENE,2.0,26.0,45.0,24.0,1017.1,1014.6,nan,nan,25.8,21.0,Yes,No
C13,2.9,26.9,0.0,nan,nan,ENE,44.0,ENE,ENE,13.0,20.0,60.0,25.0,1017.7,1013.2,nan,nan,16.1,26.2,No,No
C27,4.9,18.1,0.0,2.4,9.8,E,33.0,ENE,SW,13.0,17.0,52.0,34.0,1025.7,1024.5,1.0,1.0,13.9,17.7,No,No
C40,3.6,20.0,0.0,4.0,12.2,E,43.0,SE,ENE,15.0,28.0,66.0,36.0,1019.3,1018.0,0.0,5.0,9.7,18.5,No,No
C3,17.3,26.1,0.0,7.0,5.3,W,37.0,WSW,SW,9.0,11.0,53.0,57.0,1021.4,1019.7,6.0,7.0,24.0,23.8,No,Yes
C15,17.0,26.8,0.0,nan,nan,S,57.0,S,S,19.0,19.0,65.0,63.0,1018.7,1019.6,7.0,nan,23.8,23.5,No,No
C22,17.3,27.6,0.0,nan,nan,NE,31.0,S,ESE,7.0,19.0,68.0,51.0,nan,nan,nan,nan,22.1,27.1,No,No
C21,nan,26.5,0.0,nan,nan,W,nan,WSW,WSW,nan,nan,nan,nan,nan,nan,nan,nan,nan,nan,No,No
C42,18.5,30.3,0.0,8.6,11.4,SE,28.0,ESE,WSW,13.0,13.0,43.0,18.0,1019.8,1017.5,1.0,1.0,21.8,28.8,No,No
C5,13.1,17.8,0.6,3.6,0.0,ENE,33.0,E,SW,20.0,19.0,57.0,59.0,1025.8,1024.1,8.0,7.0,15.1,16.6,No,Yes
C46,13.1,25.7,0.0,nan,nan,SW,41.0,N,WSW,11.0,15.0,63.0,41.0,nan,nan,nan,nan,19.9,23.8,No,No
C41,10.7,24.9,0.2,11.4,8.5,S,39.0,SW,SSW,30.0,19.0,33.0,23.0,1002.5,1000.1,0.0,7.0,20.0,22.5,No,No
C13,12.0,22.8,0.0,11.6,nan,NW,56.0,NNW,WNW,11.0,19.0,31.0,7.0,1012.4,1010.0,1.0,5.0,16.7,21.0,No,No
C3,14.2,22.3,0.0,2.8,6.0,S,15.0,SE,S,4.0,7.0,72.0,67.0,1027.5,1024.9,7.0,6.0,16.6,19.4,No,No
C32,3.7,19.7,0.0,1.5,9.7,E,26.0,WNW,SE,7.0,11.0,69.0,46.0,1026.8,1023.5,6.0,4.0,14.1,19.4,No,No
C28,12.7,26.6,0.0,4.8,12.7,NNE,28.0,N,NE,13.0,17.0,83.0,53.0,1020.2,1018.1,1.0,2.0,17.2,24.9,No,No
C3,15.7,21.1,0.4,3.4,4.8,WSW,30.0,SSE,WSW,9.0,11.0,75.0,39.0,1020.4,1018.0,8.0,2.0,15.8,20.6,No,No
C13,10.4,29.5,0.0,nan,nan,SE,50.0,E,SE,9.0,28.0,57.0,26.0,1020.2,1015.0,nan,nan,17.3,29.1,No,No
C18,8.5,12.1,0.6,1.2,0.7,NW,28.0,W,SE,11.0,17.0,77.0,67.0,1018.0,1015.5,7.0,8.0,11.1,11.5,No,No
C15,11.3,22.0,0.0,nan,nan,SSW,30.0,W,SSW,13.0,15.0,69.0,56.0,1024.5,1022.7,8.0,nan,13.3,20.8,Yes,No
C38,17.0,21.3,0.0,4.6,7.8,SSW,26.0,NW,N,11.0,13.0,63.0,65.0,1020.0,1018.5,6.0,6.0,20.0,20.2,No,No
C13,0.3,10.8,0.2,nan,nan,W,30.0,W,W,13.0,17.0,97.0,71.0,1018.0,1015.5,nan,nan,5.9,9.7,Yes,No
C31,17.2,34.3,0.0,7.4,11.8,SSE,57.0,SW,SW,13.0,7.0,54.0,28.0,1013.5,1009.3,6.0,6.0,19.4,32.5,No,No
C37,13.6,29.0,0.0,4.0,11.0,NW,39.0,N,WSW,7.0,22.0,85.0,34.0,1017.3,1014.5,0.0,2.0,18.3,27.7,Yes,Yes
C25,18.9,24.0,0.0,8.8,10.4,N,52.0,WNW,WNW,28.0,24.0,66.0,49.0,1011.4,1008.7,3.0,1.0,20.0,22.4,No,No
C38,12.3,18.8,3.2,2.2,7.3,S,19.0,S,S,nan,7.0,69.0,65.0,1017.7,1016.0,2.0,3.0,17.4,18.2,No,No
